user_id,gender,age,occu,sign,is_female
3586335,female,15,indUnk,Capricorn,1
475855,female,26,Communications-Media,Virgo,1
584088,male,33,Education,Pisces,0
3416845,male,33,Telecommunications,Virgo,0
575672,male,17,indUnk,Gemini,0
3576915,male,15,Student,Scorpio,0
3511707,male,14,Student,Taurus,0
3785455,female,17,Student,Sagittarius,1
3143116,male,25,Education,Scorpio,0
4021779,female,15,indUnk,Pisces,1
4135385,male,33,Arts,Capricorn,0
4135893,male,17,Biotech,Libra,0
2994904,female,40,indUnk,Pisces,1
3842098,male,23,indUnk,Gemini,0
1673216,male,17,Student,Taurus,0
3811966,female,16,Student,Aquarius,1
2813430,male,33,indUnk,Taurus,0
813893,female,17,indUnk,Taurus,1
3225745,female,16,Student,Taurus,1
4183345,female,45,indUnk,Leo,1
3657741,female,23,indUnk,Cancer,1
1231400,female,24,indUnk,Cancer,1
3816474,male,35,Marketing,Aries,0
3986222,female,16,Student,Leo,1
3603350,male,13,indUnk,Capricorn,0
4149927,female,15,indUnk,Sagittarius,1
3652800,female,23,Non-Profit,Virgo,1
3356021,female,25,Marketing,Virgo,1
3522724,male,25,Banking,Cancer,0
3954115,female,14,Student,Libra,1
3966916,male,17,Arts,Aquarius,0
727002,male,23,Internet,Leo,0
3470844,female,26,indUnk,Libra,1
3628375,female,16,Student,Virgo,1
3491965,male,16,indUnk,Cancer,0
3339284,female,17,Student,Gemini,1
1872244,female,25,Education,Libra,1
3033343,male,26,Student,Aries,0
1684977,male,17,indUnk,Cancer,0
3714547,female,23,indUnk,Capricorn,1
3646978,female,35,indUnk,Virgo,1
4117346,female,25,indUnk,Leo,1
3301558,male,17,Student,Aquarius,0
3571141,female,23,indUnk,Pisces,1
3092806,female,13,Student,Sagittarius,1
4126143,female,17,Student,Aries,1
3661101,female,14,indUnk,Gemini,1
3519573,male,33,Internet,Pisces,0
3593701,female,24,Technology,Scorpio,1
2613609,male,26,Military,Libra,0
3534196,male,27,Banking,Cancer,0
3589390,male,17,Student,Scorpio,0
4011857,male,15,Student,Aries,0
1835380,female,16,Chemicals,Taurus,1
3310103,male,34,indUnk,Capricorn,0
2832925,female,24,Marketing,Pisces,1
3860294,male,14,indUnk,Capricorn,0
3348517,female,35,Arts,Aquarius,1
3822811,male,14,Education,Virgo,0
4181760,male,34,Technology,Aries,0
3313527,female,24,Student,Libra,1
4034931,female,14,Student,Sagittarius,1
3417704,female,25,indUnk,Scorpio,1
2408670,male,27,Manufacturing,Leo,0
4151934,female,26,indUnk,Libra,1
3622707,female,15,indUnk,Cancer,1
3744242,male,17,Student,Capricorn,0
3377005,male,26,indUnk,Sagittarius,0
4131346,male,15,Arts,Libra,0
3676956,male,17,Student,Cancer,0
3598234,male,26,indUnk,Leo,0
4111148,female,27,indUnk,Virgo,1
1166708,female,26,Arts,Aquarius,1
3332774,male,14,indUnk,Leo,0
3785559,male,27,indUnk,Aquarius,0
3866526,male,26,indUnk,Aquarius,0
4109882,female,17,indUnk,Sagittarius,1
3508102,female,17,indUnk,Capricorn,1
766556,female,34,indUnk,Sagittarius,1
4263666,female,17,Student,Aries,1
3992953,female,23,indUnk,Libra,1
3679928,female,15,indUnk,Capricorn,1
4211628,female,14,indUnk,Libra,1
4278190,female,17,Student,Sagittarius,1
3708279,female,27,indUnk,Aquarius,1
3047815,male,15,Student,Cancer,0
3623567,male,15,indUnk,Leo,0
4170896,female,13,Student,Cancer,1
559292,female,25,indUnk,Taurus,1
3344741,female,15,Student,Aries,1
4100534,female,23,Marketing,Aquarius,1
3817741,male,15,indUnk,Aquarius,0
4032401,male,23,Arts,Aquarius,0
3554317,male,17,Student,Aquarius,0
3556796,female,15,Student,Pisces,1
3908329,female,24,RealEstate,Pisces,1
2988169,male,25,Technology,Leo,0
4010370,male,15,Student,Capricorn,0
3551131,male,16,Education,Leo,0
4176187,female,13,indUnk,Aquarius,1
3089750,female,26,Consulting,Libra,1
3529719,female,23,Science,Capricorn,1
3304020,male,36,indUnk,Capricorn,0
3793251,male,38,indUnk,Cancer,0
3656727,female,17,Student,Virgo,1
3506000,male,24,Construction,Aries,0
3375531,male,26,Communications-Media,Aquarius,0
2615621,female,16,Student,Capricorn,1
3475460,female,25,Non-Profit,Pisces,1
3324474,male,15,indUnk,Scorpio,0
3914954,female,35,Consulting,Capricorn,1
3414947,female,39,indUnk,Gemini,1
3536318,male,25,Education,Aries,0
3363947,male,34,Banking,Scorpio,0
4053224,female,15,indUnk,Capricorn,1
3912493,female,14,Student,Taurus,1
3565769,female,36,indUnk,Libra,1
317581,male,26,Technology,Scorpio,0
4122043,male,17,Technology,Capricorn,0
4325533,female,35,indUnk,Capricorn,1
3942522,male,16,Student,Scorpio,0
4034874,female,15,indUnk,Pisces,1
3770960,female,38,Government,Capricorn,1
3627169,female,27,indUnk,Virgo,1
3605471,female,14,Student,Capricorn,1
647085,female,45,indUnk,Leo,1
2349682,female,24,Education,Aquarius,1
4213593,female,36,Accounting,Capricorn,1
3945535,male,17,Military,Cancer,0
3617183,female,13,Student,Virgo,1
3770150,female,27,indUnk,Capricorn,1
4013263,female,23,Automotive,Aquarius,1
3712913,male,15,Student,Virgo,0
4096197,male,41,Government,Pisces,0
3483940,female,14,Student,Virgo,1
3550387,male,16,Student,Virgo,0
3866307,male,15,Student,Virgo,0
2896589,male,15,indUnk,Aquarius,0
4189257,male,25,Religion,Pisces,0
3690648,female,13,Student,Virgo,1
3816397,female,42,Technology,Virgo,1
2519643,male,33,Construction,Virgo,0
1811727,female,23,indUnk,Leo,1
4273431,male,14,Student,Scorpio,0
3784248,female,24,indUnk,Taurus,1
4072932,female,25,Education,Gemini,1
3755025,female,15,Student,Libra,1
4273635,female,23,Education,Scorpio,1
2333345,female,17,Student,Scorpio,1
3827792,male,16,Student,Virgo,0
3824106,male,15,indUnk,Libra,0
3498812,female,17,indUnk,Sagittarius,1
4276512,female,14,indUnk,Taurus,1
3515498,female,14,Student,Leo,1
2686446,female,24,Government,Taurus,1
3992550,female,23,indUnk,Capricorn,1
3839808,female,40,indUnk,Pisces,1
3416942,male,23,indUnk,Capricorn,0
3989994,male,15,Student,Aquarius,0
3598047,female,16,indUnk,Scorpio,1
4039381,male,24,Consulting,Libra,0
4075305,female,27,Telecommunications,Libra,1
3362588,female,14,Student,Capricorn,1
4058312,female,25,indUnk,Pisces,1
3292579,female,23,Arts,Capricorn,1
4213176,male,15,Student,Capricorn,0
3749843,male,16,Student,Cancer,0
4074829,male,34,Manufacturing,Aquarius,0
4322085,male,15,indUnk,Aquarius,0
3771466,female,33,indUnk,Pisces,1
3518560,female,24,Education,Taurus,1
3360363,female,23,Student,Capricorn,1
3063401,male,25,Student,Taurus,0
4053511,female,23,Student,Virgo,1
3586256,male,25,Manufacturing,Sagittarius,0
3670297,female,24,indUnk,Capricorn,1
3315536,female,14,Science,Libra,1
3773538,male,14,Student,Sagittarius,0
4072579,male,24,Technology,Aries,0
3933548,male,24,Technology,Leo,0
3568239,male,15,Student,Pisces,0
1162265,male,17,Student,Aries,0
3756630,female,16,Student,Cancer,1
4182927,female,13,Education,Virgo,1
315751,female,25,indUnk,Sagittarius,1
3600042,male,27,indUnk,Capricorn,0
4202109,female,25,indUnk,Taurus,1
2858203,male,16,Student,Sagittarius,0
3881077,male,17,Education,Aries,0
1708471,female,17,indUnk,Cancer,1
3005992,female,26,Student,Aries,1
3361522,female,13,indUnk,Libra,1
3839532,female,48,indUnk,Leo,1
4274136,male,15,indUnk,Sagittarius,0
4241607,female,44,Biotech,Virgo,1
3535718,male,17,Student,Aquarius,0
3784920,male,23,indUnk,Capricorn,0
3421808,male,17,indUnk,Aries,0
3487346,male,25,Technology,Leo,0
3901325,male,14,Student,Scorpio,0
3883305,female,13,Student,Scorpio,1
3426225,female,35,Arts,Sagittarius,1
4066146,female,23,indUnk,Aries,1
3911836,female,23,indUnk,Taurus,1
838162,male,25,Student,Capricorn,0
3754470,male,26,Military,Pisces,0
3478399,female,23,indUnk,Cancer,1
3189152,female,25,Arts,Leo,1
3399883,female,23,Arts,Scorpio,1
3550273,male,15,indUnk,Scorpio,0
4115248,male,36,Internet,Gemini,0
3989201,female,13,indUnk,Taurus,1
2591513,female,27,Student,Aquarius,1
4115100,female,24,indUnk,Scorpio,1
2839715,female,23,indUnk,Scorpio,1
4021202,female,25,Banking,Gemini,1
3528641,male,16,Student,Pisces,0
3666767,female,35,Government,Pisces,1
2722266,female,33,Communications-Media,Aquarius,1
3854822,male,26,indUnk,Virgo,0
3769981,male,38,Telecommunications,Virgo,0
951136,female,16,Student,Libra,1
3973164,female,23,Education,Gemini,1
4307418,female,15,Student,Sagittarius,1
2957170,male,26,indUnk,Aquarius,0
3649279,female,16,indUnk,Gemini,1
3355012,female,17,indUnk,Capricorn,1
2819091,male,17,Student,Capricorn,0
3503691,female,39,indUnk,Capricorn,1
794646,female,17,indUnk,Aries,1
3834257,female,15,Student,Cancer,1
4242860,female,27,Religion,Gemini,1
3883575,male,24,Transportation,Aries,0
3507110,female,16,Student,Aries,1
3878617,female,24,Sports-Recreation,Gemini,1
3927897,female,15,indUnk,Virgo,1
3806303,female,23,indUnk,Capricorn,1
3727292,female,26,Communications-Media,Pisces,1
1492818,female,47,Arts,Aries,1
1620073,female,26,Non-Profit,Aries,1
3662734,male,14,Student,Capricorn,0
4193445,male,17,indUnk,Taurus,0
3635006,male,16,indUnk,Taurus,0
4183383,female,17,Communications-Media,Cancer,1
4004828,male,17,indUnk,Libra,0
3669994,female,27,Non-Profit,Aquarius,1
3924673,male,37,Law,Scorpio,0
4098538,male,17,Student,Pisces,0
3381959,female,24,Student,Leo,1
3979458,male,16,indUnk,Aries,0
3889125,female,25,indUnk,Capricorn,1
3694451,male,44,Publishing,Sagittarius,0
3956655,female,15,indUnk,Aries,1
3468715,female,25,Internet,Sagittarius,1
3745609,male,25,Banking,Aries,0
4182261,female,15,Arts,Gemini,1
3298655,male,24,indUnk,Leo,0
4001228,male,36,Banking,Taurus,0
4201734,female,16,indUnk,Gemini,1
4300645,male,15,Education,Leo,0
3097475,female,23,indUnk,Cancer,1
3746537,female,16,Student,Gemini,1
4296010,male,15,Student,Scorpio,0
3321827,male,38,Technology,Sagittarius,0
4197397,male,36,indUnk,Leo,0
3248461,female,27,Non-Profit,Aries,1
3938722,male,14,Student,Taurus,0
3438348,female,37,indUnk,Capricorn,1
3455718,female,16,BusinessServices,Virgo,1
1336804,female,24,Law,Taurus,1
3406182,male,44,indUnk,Aries,0
3433321,male,14,indUnk,Aquarius,0
4154751,female,16,Arts,Virgo,1
3668958,male,37,indUnk,Taurus,0
3510911,female,26,indUnk,Taurus,1
3904281,male,17,indUnk,Taurus,0
4295000,female,34,indUnk,Leo,1
3907584,male,24,indUnk,Aquarius,0
3380702,male,16,indUnk,Libra,0
819785,male,23,Student,Taurus,0
3343323,male,26,Consulting,Virgo,0
4092295,female,17,indUnk,Aquarius,1
3749013,male,16,Student,Pisces,0
3990566,male,17,Student,Capricorn,0
3379405,female,25,Education,Scorpio,1
3935742,female,13,indUnk,Libra,1
3894887,female,15,indUnk,Gemini,1
3723522,male,14,indUnk,Capricorn,0
2992646,female,25,Non-Profit,Gemini,1
2504813,female,24,Science,Gemini,1
3526005,female,17,Student,Leo,1
2998136,male,17,Student,Scorpio,0
3808573,female,14,Student,Leo,1
4069579,male,16,Student,Libra,0
2783233,male,25,Engineering,Aquarius,0
1317513,male,17,Arts,Scorpio,0
2539406,male,23,Government,Cancer,0
3289321,female,16,Student,Sagittarius,1
4088662,male,25,indUnk,Libra,0
3810573,female,26,indUnk,Scorpio,1
3915202,female,16,indUnk,Sagittarius,1
3908969,female,24,Non-Profit,Sagittarius,1
3744671,male,15,Student,Libra,0
3513637,male,17,Student,Cancer,0
4030975,female,16,Student,Gemini,1
3984756,female,27,Publishing,Leo,1
3408773,male,24,Biotech,Scorpio,0
4149152,male,33,Banking,Sagittarius,0
427989,male,23,Internet,Sagittarius,0
3840157,female,14,Student,Scorpio,1
3754230,male,24,indUnk,Aries,0
3347544,female,26,indUnk,Virgo,1
3302427,male,26,Education,Aries,0
3679449,male,25,indUnk,Scorpio,0
3314410,female,14,indUnk,Scorpio,1
3570125,female,23,indUnk,Pisces,1
3779963,female,16,Arts,Virgo,1
1076363,male,40,Communications-Media,Pisces,0
3743431,female,27,indUnk,Virgo,1
4177264,male,13,Student,Aries,0
4037377,female,24,Engineering,Scorpio,1
877201,female,23,indUnk,Leo,1
4169106,male,24,Student,Aries,0
3657743,female,25,indUnk,Libra,1
2630438,female,27,indUnk,Libra,1
3367290,female,16,Education,Taurus,1
3834930,male,27,indUnk,Virgo,0
4088664,male,23,Manufacturing,Libra,0
3882581,male,16,Education,Aries,0
3350440,female,34,indUnk,Leo,1
4218773,female,23,Student,Taurus,1
3339831,male,27,Internet,Aquarius,0
3543507,female,26,Science,Aries,1
3746466,female,25,Marketing,Gemini,1
3118125,male,14,Student,Scorpio,0
3081301,male,25,indUnk,Pisces,0
3514084,female,41,Publishing,Scorpio,1
3357731,male,23,BusinessServices,Sagittarius,0
4108148,male,25,Education,Cancer,0
3031435,female,23,indUnk,Leo,1
4210215,female,25,indUnk,Gemini,1
3514592,female,17,Chemicals,Cancer,1
3561320,female,26,Education,Taurus,1
3970617,male,25,Law,Scorpio,0
3631477,male,17,Tourism,Scorpio,0
3554150,male,23,indUnk,Libra,0
3897107,male,25,indUnk,Sagittarius,0
3731443,female,16,Arts,Pisces,1
4157618,female,26,Education,Leo,1
3898195,male,23,Student,Leo,0
3990069,male,16,Student,Leo,0
3986966,male,24,indUnk,Virgo,0
597870,female,33,Internet,Taurus,1
2758743,female,23,Arts,Capricorn,1
3742917,male,43,indUnk,Aries,0
3555958,female,16,Student,Sagittarius,1
3914455,male,14,indUnk,Scorpio,0
3425354,female,15,indUnk,Capricorn,1
3987842,female,23,Student,Aries,1
3892521,female,26,indUnk,Cancer,1
2930795,male,23,Technology,Aquarius,0
4110426,female,16,Student,Virgo,1
3898743,male,27,Automotive,Capricorn,0
3980968,male,23,indUnk,Aquarius,0
3932355,female,14,indUnk,Leo,1
4000026,male,17,Education,Gemini,0
3316025,male,23,Education,Capricorn,0
4271919,male,25,Technology,Virgo,0
4097182,female,17,Student,Leo,1
3731602,male,26,indUnk,Sagittarius,0
3328515,male,26,indUnk,Taurus,0
799700,female,26,indUnk,Gemini,1
4013317,female,25,Education,Leo,1
3592656,female,23,Communications-Media,Aquarius,1
3379802,male,40,HumanResources,Libra,0
3212073,male,23,indUnk,Taurus,0
3423132,male,23,BusinessServices,Cancer,0
299545,male,25,Technology,Cancer,0
2169579,female,24,Student,Virgo,1
3367064,female,26,indUnk,Taurus,1
2942398,female,16,indUnk,Gemini,1
3557722,female,23,Education,Gemini,1
4166693,female,24,Education,Cancer,1
3504445,female,15,Student,Gemini,1
3238331,male,17,indUnk,Cancer,0
4118838,male,33,indUnk,Taurus,0
3927924,male,37,Communications-Media,Gemini,0
3649439,female,15,Arts,Taurus,1
4257431,female,15,indUnk,Aquarius,1
4051254,male,17,indUnk,Gemini,0
4088516,female,47,indUnk,Cancer,1
4333053,female,15,indUnk,Cancer,1
1705136,female,25,indUnk,Pisces,1
522409,male,23,Student,Scorpio,0
3974108,male,23,indUnk,Aries,0
4115871,male,26,Engineering,Capricorn,0
3011326,male,23,Maritime,Taurus,0
3122944,female,24,indUnk,Sagittarius,1
3372328,male,26,Arts,Cancer,0
1842118,male,17,Student,Aquarius,0
4255500,male,23,Education,Virgo,0
1637100,female,16,Student,Scorpio,1
3687080,female,33,Science,Cancer,1
2944841,male,15,indUnk,Leo,0
3309747,male,15,Student,Sagittarius,0
3749319,female,24,indUnk,Sagittarius,1
4212549,female,15,Student,Aquarius,1
1878761,female,24,indUnk,Aquarius,1
3578593,female,27,BusinessServices,Gemini,1
1966000,female,14,indUnk,Pisces,1
3337126,female,14,indUnk,Gemini,1
2033483,female,17,Student,Gemini,1
3933143,female,14,indUnk,Sagittarius,1
1174200,male,17,indUnk,Libra,0
4055786,female,16,Student,Leo,1
3493680,female,26,indUnk,Pisces,1
3868312,male,25,Education,Gemini,0
3889756,male,14,indUnk,Scorpio,0
3399431,male,27,Communications-Media,Libra,0
3228608,female,15,Student,Leo,1
3785770,male,16,Student,Pisces,0
3559906,male,25,Education,Virgo,0
4300465,male,24,Internet,Libra,0
3971520,female,25,Education,Leo,1
4285006,male,36,Fashion,Cancer,0
3389492,female,27,LawEnforcement-Security,Virgo,1
3451305,female,23,RealEstate,Scorpio,1
3840803,female,15,Student,Virgo,1
3390196,female,33,indUnk,Gemini,1
4093633,female,26,Non-Profit,Virgo,1
3613484,female,17,Fashion,Taurus,1
2027896,female,16,indUnk,Scorpio,1
3578823,male,17,Student,Aquarius,0
3618324,female,16,indUnk,Aries,1
3556680,male,27,Telecommunications,Gemini,0
4105191,male,39,Marketing,Aquarius,0
4160190,female,25,indUnk,Taurus,1
3567154,female,15,Student,Pisces,1
2513579,male,15,Advertising,Leo,0
2460264,male,16,Student,Taurus,0
3371887,male,15,Student,Capricorn,0
3623048,female,23,Science,Sagittarius,1
663735,male,23,indUnk,Libra,0
3609016,female,25,indUnk,Sagittarius,1
2272189,female,17,HumanResources,Scorpio,1
4144157,male,15,Arts,Gemini,0
3316883,male,26,Government,Pisces,0
3684482,male,17,Military,Cancer,0
3497723,female,26,Student,Taurus,1
1681913,male,26,indUnk,Leo,0
3831595,female,24,Student,Pisces,1
3954695,female,16,Marketing,Libra,1
4109986,female,16,Student,Aquarius,1
3321100,male,34,Technology,Cancer,0
3943713,female,40,indUnk,Virgo,1
3802740,male,27,Education,Aries,0
4059688,male,16,Marketing,Capricorn,0
4239258,female,27,Law,Virgo,1
182037,female,23,Internet,Aries,1
3137005,female,15,Student,Taurus,1
3321956,male,15,Non-Profit,Pisces,0
3784592,male,25,indUnk,Libra,0
4208187,male,14,Student,Capricorn,0
1242759,female,16,Arts,Aquarius,1
3387170,male,40,indUnk,Aries,0
3801316,female,16,Student,Aquarius,1
1425881,female,14,indUnk,Sagittarius,1
4210869,male,16,indUnk,Scorpio,0
3565286,male,25,Student,Taurus,0
3716795,male,16,indUnk,Sagittarius,0
3809919,male,24,indUnk,Sagittarius,0
4195012,male,26,Museums-Libraries,Taurus,0
3366901,female,24,Law,Leo,1
3228371,male,13,Student,Virgo,0
3491774,male,36,indUnk,Gemini,0
3686184,male,26,Science,Virgo,0
3831570,male,23,Publishing,Aries,0
4320200,female,27,Law,Leo,1
1879288,male,15,Chemicals,Aquarius,0
3665455,male,39,Science,Cancer,0
3672033,male,23,Construction,Cancer,0
3512173,male,13,Student,Scorpio,0
2988161,female,37,indUnk,Libra,1
3973262,female,23,indUnk,Capricorn,1
3665721,male,26,indUnk,Gemini,0
3983737,male,26,Government,Sagittarius,0
4034291,female,14,Military,Aries,1
4056137,male,23,Education,Libra,0
3413717,female,23,indUnk,Libra,1
2373875,male,25,Biotech,Taurus,0
3818273,female,27,indUnk,Gemini,1
3763467,female,27,indUnk,Libra,1
4171457,female,27,Military,Libra,1
3760514,female,27,indUnk,Leo,1
2561957,female,15,Student,Aries,1
1656770,female,48,indUnk,Leo,1
3306982,female,27,indUnk,Sagittarius,1
3308120,female,24,Student,Pisces,1
3681334,female,27,Government,Gemini,1
4312005,male,17,indUnk,Scorpio,0
3735765,female,45,Technology,Aries,1
4024562,male,13,indUnk,Libra,0
3509891,male,46,Technology,Gemini,0
3860728,female,15,Student,Scorpio,1
3857776,female,13,indUnk,Taurus,1
3614613,male,14,Student,Aquarius,0
3436520,male,15,Student,Sagittarius,0
3965809,female,27,indUnk,Aries,1
3811373,female,25,Communications-Media,Leo,1
4062541,female,15,indUnk,Capricorn,1
2442483,female,17,Student,Virgo,1
3553589,female,25,Banking,Scorpio,1
3566850,female,24,Religion,Capricorn,1
2967037,female,15,indUnk,Capricorn,1
3326097,male,27,Internet,Aquarius,0
4218084,male,23,Student,Pisces,0
3672437,male,16,Student,Cancer,0
3696893,male,26,indUnk,Taurus,0
2577859,female,25,indUnk,Sagittarius,1
2087401,male,16,Student,Pisces,0
4229335,male,14,Student,Virgo,0
3057795,female,14,Student,Pisces,1
3956585,female,33,indUnk,Capricorn,1
534904,male,24,Student,Aquarius,0
2033501,male,17,indUnk,Cancer,0
4292654,female,33,Banking,Libra,1
4156442,female,26,HumanResources,Leo,1
3608609,male,24,Communications-Media,Scorpio,0
2902153,male,23,indUnk,Virgo,0
4274676,female,33,Student,Pisces,1
3578844,female,14,indUnk,Scorpio,1
4334776,male,24,Engineering,Aquarius,0
3573350,female,25,Communications-Media,Libra,1
3907322,male,15,indUnk,Taurus,0
3609323,male,14,Arts,Sagittarius,0
4289860,female,16,Student,Libra,1
3917802,male,25,indUnk,Aries,0
918175,female,27,indUnk,Aquarius,1
3964670,female,23,Military,Sagittarius,1
4072007,female,24,indUnk,Leo,1
4006234,male,25,Technology,Libra,0
4224119,male,14,indUnk,Aquarius,0
4187617,female,14,Student,Virgo,1
4026945,female,16,Student,Gemini,1
4206816,male,23,Arts,Taurus,0
3609720,female,14,indUnk,Scorpio,1
4138273,female,24,Student,Libra,1
3684100,female,16,Student,Gemini,1
4165917,female,17,Education,Cancer,1
1298865,female,39,indUnk,Aquarius,1
3532886,female,24,Student,Capricorn,1
1915813,male,27,indUnk,Sagittarius,0
3840067,male,17,Student,Gemini,0
3494384,male,17,Student,Scorpio,0
3994011,male,38,Government,Leo,0
3807309,female,27,indUnk,Leo,1
3639495,female,24,Education,Scorpio,1
3903334,female,26,indUnk,Aquarius,1
3738682,male,24,indUnk,Scorpio,0
2326695,male,26,indUnk,Gemini,0
99382,male,25,indUnk,Aquarius,0
3390321,female,14,Chemicals,Sagittarius,1
3948533,female,41,indUnk,Pisces,1
3698775,female,15,Museums-Libraries,Pisces,1
848630,female,23,indUnk,Cancer,1
3711256,male,15,Student,Cancer,0
4302508,male,25,Student,Aquarius,0
4285608,female,15,Student,Cancer,1
3736447,male,14,Student,Leo,0
3440211,male,25,Student,Sagittarius,0
1960525,male,15,Student,Libra,0
1650898,male,38,Communications-Media,Leo,0
2073622,female,35,indUnk,Aries,1
3755807,female,14,Student,Aquarius,1
3659800,female,14,indUnk,Cancer,1
4047302,female,15,Student,Capricorn,1
3846168,male,15,indUnk,Taurus,0
3580622,male,23,Consulting,Capricorn,0
3513540,female,23,Sports-Recreation,Pisces,1
4003433,female,17,Arts,Sagittarius,1
4253449,male,37,Banking,Capricorn,0
3499675,female,47,indUnk,Virgo,1
4297875,male,23,BusinessServices,Cancer,0
3824275,female,27,Technology,Sagittarius,1
3658979,female,26,Education,Libra,1
3847197,male,15,Student,Virgo,0
3936244,female,23,Arts,Leo,1
3204780,female,27,Technology,Libra,1
4213897,female,40,Non-Profit,Gemini,1
3473040,female,37,indUnk,Aries,1
3822512,female,42,Telecommunications,Gemini,1
3389918,female,37,indUnk,Aquarius,1
3965033,male,23,Education,Gemini,0
3678594,female,39,Student,Cancer,1
4316488,female,24,Publishing,Aquarius,1
4135461,male,16,Student,Aquarius,0
3434235,male,26,indUnk,Capricorn,0
4186134,female,24,BusinessServices,Leo,1
3297447,male,24,Museums-Libraries,Libra,0
3857057,male,26,BusinessServices,Virgo,0
3378664,male,25,Internet,Gemini,0
2580350,male,24,Technology,Scorpio,0
4207331,male,17,Student,Capricorn,0
3339134,male,23,Arts,Capricorn,0
3526924,male,16,Student,Aries,0
4201848,male,45,HumanResources,Aquarius,0
2983072,female,16,Student,Leo,1
3990627,female,17,indUnk,Leo,1
4118493,male,27,indUnk,Leo,0
4008582,male,24,Technology,Aries,0
4199376,female,14,Chemicals,Scorpio,1
3423784,male,16,Student,Pisces,0
3922820,female,39,Government,Libra,1
4309186,female,15,Student,Cancer,1
3367633,male,27,Technology,Taurus,0
3828283,male,14,indUnk,Cancer,0
1862467,female,27,indUnk,Cancer,1
4153678,female,16,indUnk,Sagittarius,1
1044338,female,23,Student,Leo,1
3715358,male,23,Student,Aquarius,0
3744111,female,15,Student,Scorpio,1
4014812,male,17,Student,Aries,0
4268046,male,17,Student,Leo,0
2695199,female,39,indUnk,Scorpio,1
4185342,female,23,indUnk,Gemini,1
1476840,female,33,Museums-Libraries,Virgo,1
3668410,male,24,Telecommunications,Virgo,0
3632466,male,25,indUnk,Libra,0
1643433,male,17,indUnk,Cancer,0
4020565,male,17,Engineering,Pisces,0
4074186,male,25,indUnk,Cancer,0
2903755,female,14,indUnk,Aries,1
3659861,male,24,Automotive,Sagittarius,0
3905544,male,25,Communications-Media,Leo,0
4192314,female,24,indUnk,Sagittarius,1
4174209,female,13,Student,Aries,1
3503562,female,23,Engineering,Pisces,1
3455971,male,35,Technology,Scorpio,0
3389118,female,23,Internet,Capricorn,1
3880631,male,15,Student,Scorpio,0
3741009,male,27,Technology,Taurus,0
3846832,male,24,Government,Sagittarius,0
1135724,male,34,Internet,Cancer,0
4078059,male,26,Education,Aries,0
3717572,male,27,Education,Scorpio,0
3647386,female,26,indUnk,Pisces,1
1374061,male,34,indUnk,Gemini,0
4044908,female,42,indUnk,Gemini,1
2798366,female,17,indUnk,Taurus,1
3845994,male,16,Student,Sagittarius,0
3998523,female,17,indUnk,Cancer,1
1772503,female,27,Consulting,Pisces,1
3919398,female,45,Arts,Leo,1
1144172,male,17,indUnk,Libra,0
90637,female,36,InvestmentBanking,Gemini,1
1975546,female,23,indUnk,Aries,1
3341233,male,15,Student,Cancer,0
3674747,male,16,Student,Aries,0
3025041,male,27,indUnk,Gemini,0
3562198,male,17,indUnk,Libra,0
3537630,male,24,Marketing,Virgo,0
4226262,male,13,Communications-Media,Taurus,0
3730721,female,25,Law,Virgo,1
3640317,male,23,Technology,Leo,0
3520535,male,17,Student,Gemini,0
3722833,male,15,Student,Libra,0
3487247,male,14,Student,Leo,0
2898376,male,16,Student,Libra,0
4262412,male,23,BusinessServices,Virgo,0
3980848,female,33,indUnk,Gemini,1
3914673,male,16,Student,Sagittarius,0
3758757,male,14,Student,Scorpio,0
4141669,male,47,Religion,Cancer,0
3727898,male,34,indUnk,Scorpio,0
3706066,male,13,indUnk,Sagittarius,0
3931750,female,15,indUnk,Taurus,1
4060612,male,23,Communications-Media,Scorpio,0
3896886,male,17,indUnk,Gemini,0
4014228,male,33,Communications-Media,Taurus,0
904488,male,26,indUnk,Gemini,0
3504166,male,27,Technology,Leo,0
3311164,male,14,indUnk,Pisces,0
1850222,female,17,indUnk,Scorpio,1
4030660,female,25,Science,Scorpio,1
4311856,male,15,indUnk,Scorpio,0
3382628,female,14,Student,Libra,1
3383372,male,14,Student,Gemini,0
4323836,male,41,indUnk,Sagittarius,0
3902103,male,17,Student,Cancer,0
3585637,male,17,Student,Gemini,0
3751017,female,15,indUnk,Leo,1
4224081,male,16,Student,Leo,0
4178363,female,14,Student,Leo,1
3686135,female,24,Museums-Libraries,Leo,1
3379799,female,23,Student,Leo,1
3918931,female,24,Student,Aries,1
3539224,female,17,Student,Leo,1
3980410,female,26,Marketing,Libra,1
3186693,male,25,indUnk,Capricorn,0
2673666,female,17,Student,Pisces,1
3817233,female,38,indUnk,Virgo,1
4273874,male,23,indUnk,Pisces,0
4023160,female,15,indUnk,Aquarius,1
1767662,female,46,indUnk,Sagittarius,1
3443002,female,25,indUnk,Capricorn,1
2759997,female,33,Technology,Gemini,1
3918862,male,16,indUnk,Aquarius,0
3097385,male,25,Internet,Cancer,0
4069027,female,17,Student,Cancer,1
2963929,female,16,Student,Gemini,1
4233700,female,15,indUnk,Leo,1
4055590,female,25,Technology,Taurus,1
3480746,female,23,Government,Aquarius,1
4254048,female,15,Student,Libra,1
4243147,female,24,indUnk,Scorpio,1
3462752,male,16,Student,Aquarius,0
3401088,male,24,Arts,Aries,0
3431162,male,17,Student,Pisces,0
3967054,male,15,Communications-Media,Cancer,0
4287440,female,26,indUnk,Scorpio,1
3293157,male,24,indUnk,Virgo,0
3645959,male,16,indUnk,Capricorn,0
3681588,male,15,Student,Leo,0
3964121,male,15,Student,Scorpio,0
4119314,female,14,indUnk,Capricorn,1
3495746,female,33,Education,Aries,1
1307203,female,23,Student,Aries,1
2257393,female,27,Student,Virgo,1
3578248,male,25,Publishing,Cancer,0
3874227,male,23,Arts,Aquarius,0
3292690,female,15,indUnk,Gemini,1
3382422,female,27,Arts,Aquarius,1
3526571,male,23,indUnk,Pisces,0
3630096,female,14,Student,Pisces,1
1093691,male,17,Technology,Taurus,0
3485073,male,15,Education,Virgo,0
3372326,female,33,indUnk,Virgo,1
3708266,female,25,indUnk,Leo,1
3999029,male,14,Student,Aquarius,0
3176411,male,33,Engineering,Aries,0
4056016,male,13,Military,Sagittarius,0
3340571,female,16,indUnk,Sagittarius,1
4325275,female,17,indUnk,Libra,1
786829,female,16,Student,Leo,1
3926858,male,17,indUnk,Scorpio,0
4151144,female,14,Student,Sagittarius,1
3821977,male,24,Technology,Cancer,0
2190377,female,16,Student,Gemini,1
1796990,male,17,Sports-Recreation,Aquarius,0
4262137,female,26,Arts,Capricorn,1
1994777,male,17,Student,Taurus,0
4107469,female,24,indUnk,Sagittarius,1
1054833,female,24,indUnk,Scorpio,1
3448160,female,16,indUnk,Taurus,1
1790195,female,23,Tourism,Aries,1
3358564,female,34,Education,Scorpio,1
4219194,female,27,indUnk,Pisces,1
3885000,female,13,Student,Aries,1
3738648,female,16,indUnk,Pisces,1
3472928,female,26,Education,Pisces,1
2181683,male,15,Arts,Cancer,0
141799,female,25,Advertising,Pisces,1
3602675,female,23,Science,Aquarius,1
3441506,female,26,indUnk,Pisces,1
880688,female,25,Science,Leo,1
3704418,male,33,Religion,Capricorn,0
3616946,female,14,Student,Aquarius,1
3514337,female,27,Law,Scorpio,1
3405780,male,24,indUnk,Taurus,0
3492164,male,16,Non-Profit,Aquarius,0
2953590,male,25,Telecommunications,Leo,0
4262494,male,23,Education,Sagittarius,0
4074709,male,33,Technology,Virgo,0
1808929,male,23,Student,Leo,0
3527456,female,16,BusinessServices,Virgo,1
3380200,male,34,Non-Profit,Sagittarius,0
3658006,female,23,indUnk,Aries,1
3352497,male,23,Communications-Media,Gemini,0
3381311,male,23,Engineering,Scorpio,0
3913240,female,15,Student,Gemini,1
3464652,male,17,indUnk,Pisces,0
3537594,male,23,Arts,Capricorn,0
4179454,male,14,Student,Pisces,0
3830714,male,17,Student,Leo,0
3492238,female,17,Student,Aries,1
4111117,male,17,Student,Leo,0
3804024,female,24,indUnk,Leo,1
3448336,female,16,Student,Aquarius,1
955372,female,16,Student,Aries,1
4093484,male,14,Student,Virgo,0
2862007,female,23,indUnk,Capricorn,1
3101995,female,16,indUnk,Aries,1
3968596,female,16,Student,Virgo,1
3722850,female,16,Student,Scorpio,1
3840766,female,48,indUnk,Libra,1
4154732,male,24,Internet,Capricorn,0
4098220,male,16,indUnk,Pisces,0
4184613,male,23,Engineering,Scorpio,0
4079159,male,24,indUnk,Aries,0
3751728,female,16,Student,Taurus,1
2899366,male,17,Student,Aquarius,0
3639620,male,26,indUnk,Pisces,0
3869859,female,25,Education,Gemini,1
4108280,male,35,Education,Pisces,0
3569188,female,14,Student,Gemini,1
4018447,female,26,Arts,Cancer,1
4244468,male,14,indUnk,Libra,0
4244230,female,25,indUnk,Pisces,1
4067860,female,24,indUnk,Capricorn,1
4113046,male,17,Student,Scorpio,0
3483901,female,23,indUnk,Taurus,1
3535193,female,25,Science,Aries,1
3337723,male,15,indUnk,Sagittarius,0
4274812,male,15,indUnk,Pisces,0
4253395,male,17,indUnk,Capricorn,0
4008661,female,14,Student,Libra,1
4296124,male,17,indUnk,Gemini,0
1472026,female,47,Arts,Sagittarius,1
4320922,male,14,indUnk,Libra,0
4285708,male,17,Student,Leo,0
3858894,female,27,indUnk,Libra,1
3892230,male,27,Religion,Aquarius,0
3980651,male,15,Student,Libra,0
4200309,male,27,Communications-Media,Libra,0
3736362,male,45,Automotive,Scorpio,0
3963248,female,14,Student,Pisces,1
2425604,female,16,Student,Sagittarius,1
3954615,female,17,Student,Aquarius,1
2602604,female,15,indUnk,Leo,1
3402271,female,26,indUnk,Aquarius,1
3462314,male,25,Communications-Media,Libra,0
3088808,male,24,Student,Leo,0
3183634,female,14,Student,Gemini,1
3886985,male,26,Student,Sagittarius,0
3610470,male,15,Education,Pisces,0
4180672,male,24,Government,Libra,0
3555496,male,16,Student,Capricorn,0
3355465,female,16,indUnk,Leo,1
3433815,female,27,Student,Leo,1
3940908,male,27,Education,Aquarius,0
1203229,male,24,Internet,Scorpio,0
3435397,female,16,Student,Gemini,1
4276500,female,16,Student,Leo,1
4296608,male,16,Student,Leo,0
1726011,male,37,indUnk,Cancer,0
4028299,female,17,Student,Cancer,1
4002052,female,23,Education,Capricorn,1
3593515,male,24,Transportation,Sagittarius,0
3681310,female,16,Student,Aries,1
3572625,female,14,Student,Gemini,1
4008909,male,39,indUnk,Gemini,0
4234197,female,26,indUnk,Scorpio,1
4259457,male,23,Banking,Gemini,0
4021763,female,13,indUnk,Virgo,1
4119464,female,37,Technology,Cancer,1
3393874,female,24,Communications-Media,Libra,1
3409476,female,36,Education,Aquarius,1
2399727,female,27,Student,Gemini,1
3883811,male,27,indUnk,Libra,0
3128727,male,23,indUnk,Scorpio,0
4075390,female,24,Non-Profit,Pisces,1
3782939,female,13,Student,Capricorn,1
3421231,male,25,Accounting,Capricorn,0
3414693,male,24,indUnk,Aries,0
4176389,female,27,indUnk,Scorpio,1
3910778,female,24,Communications-Media,Virgo,1
3374243,male,16,indUnk,Virgo,0
3291496,female,27,BusinessServices,Gemini,1
1917618,male,23,indUnk,Virgo,0
3445356,female,23,Student,Aries,1
4321311,male,23,indUnk,Leo,0
3968220,female,26,Student,Aquarius,1
1926378,female,24,indUnk,Aries,1
4061265,female,27,indUnk,Cancer,1
4009470,male,14,Student,Leo,0
4224393,female,24,Transportation,Sagittarius,1
3153571,male,25,indUnk,Taurus,0
2021701,male,17,Engineering,Libra,0
3466199,male,25,indUnk,Leo,0
3433630,male,25,Technology,Pisces,0
3984265,male,15,Non-Profit,Gemini,0
3601699,female,13,Student,Scorpio,1
3344990,female,45,Education,Gemini,1
3949181,female,17,indUnk,Gemini,1
4073048,female,15,Student,Virgo,1
3441102,male,15,Student,Libra,0
3724080,male,14,Student,Scorpio,0
1877260,male,23,Student,Aquarius,0
2565969,female,17,Education,Capricorn,1
3536448,female,25,Arts,Aries,1
4150492,female,24,RealEstate,Pisces,1
3752387,female,26,indUnk,Capricorn,1
3337624,male,15,Student,Cancer,0
3746129,female,23,Student,Scorpio,1
3664499,female,25,Accounting,Capricorn,1
4049756,female,25,Engineering,Gemini,1
3940854,male,17,indUnk,Cancer,0
3440173,female,17,indUnk,Virgo,1
977947,female,17,indUnk,Aries,1
3968079,male,17,indUnk,Libra,0
2908515,male,17,Student,Capricorn,0
3579805,female,16,Student,Cancer,1
3327048,female,23,indUnk,Leo,1
3821200,female,14,Law,Virgo,1
106738,male,25,Internet,Leo,0
3336364,male,23,Manufacturing,Scorpio,0
4045474,male,16,Education,Leo,0
3289510,male,17,indUnk,Capricorn,0
4006686,male,24,Engineering,Gemini,0
3451233,male,27,Agriculture,Aquarius,0
3649232,male,35,indUnk,Pisces,0
3673386,male,27,HumanResources,Pisces,0
3422216,female,24,indUnk,Pisces,1
3788877,male,15,Arts,Virgo,0
3456634,male,17,Internet,Aquarius,0
3945841,male,16,Student,Aquarius,0
908687,female,24,indUnk,Pisces,1
3795332,male,14,indUnk,Libra,0
3514661,female,16,indUnk,Taurus,1
3785255,male,27,Advertising,Sagittarius,0
3433643,male,17,Maritime,Libra,0
2621153,male,16,Arts,Scorpio,0
3200074,male,16,indUnk,Scorpio,0
3532353,male,16,indUnk,Pisces,0
3471937,female,23,BusinessServices,Libra,1
3524885,female,34,Marketing,Virgo,1
3850575,female,35,indUnk,Libra,1
3473214,male,24,indUnk,Taurus,0
3893956,female,14,indUnk,Sagittarius,1
3660379,female,35,Technology,Capricorn,1
3510389,male,15,Student,Libra,0
3115332,male,24,Internet,Virgo,0
1266177,male,38,Internet,Taurus,0
3654216,female,25,indUnk,Libra,1
3915831,male,15,Student,Libra,0
3567863,male,16,Non-Profit,Libra,0
3418420,female,17,Military,Pisces,1
1596894,male,26,Arts,Libra,0
3578486,male,26,Telecommunications,Pisces,0
3110819,female,15,Student,Libra,1
3569804,female,16,Student,Taurus,1
3496660,male,36,Automotive,Virgo,0
4088003,female,17,indUnk,Gemini,1
4150699,female,24,indUnk,Aquarius,1
3517217,female,23,Engineering,Leo,1
4335239,female,27,indUnk,Libra,1
3530425,female,40,Education,Aquarius,1
3719618,female,24,RealEstate,Virgo,1
4184357,male,14,Student,Gemini,0
2560114,male,17,Student,Pisces,0
3926915,female,25,indUnk,Leo,1
4006976,female,44,Education,Aries,1
1007188,male,48,Religion,Libra,0
3851137,male,14,Science,Capricorn,0
3832265,female,17,Communications-Media,Pisces,1
3956105,female,23,indUnk,Sagittarius,1
3443578,male,26,Manufacturing,Cancer,0
4315679,female,26,indUnk,Cancer,1
3373204,male,25,Technology,Aries,0
3358452,female,25,indUnk,Sagittarius,1
4132633,female,16,indUnk,Aries,1
3831350,male,26,Manufacturing,Capricorn,0
3501736,female,35,Education,Libra,1
2464907,male,36,Technology,Virgo,0
3377480,male,38,Technology,Sagittarius,0
3839660,male,33,Advertising,Gemini,0
2695531,male,15,Student,Virgo,0
3566675,female,41,BusinessServices,Aries,1
3451796,male,24,indUnk,Aquarius,0
3710438,female,17,Student,Leo,1
3401120,male,15,Student,Cancer,0
889780,female,23,indUnk,Sagittarius,1
794223,female,23,Student,Aries,1
4311120,female,25,indUnk,Cancer,1
3974415,female,27,indUnk,Taurus,1
3691053,male,14,Student,Aquarius,0
3051029,female,36,Technology,Pisces,1
3538575,male,16,Technology,Scorpio,0
3877496,female,41,Marketing,Gemini,1
4115958,male,16,Communications-Media,Libra,0
3620473,male,17,Student,Cancer,0
4063176,female,25,Arts,Gemini,1
3969393,female,26,Arts,Capricorn,1
3631462,male,24,Student,Cancer,0
3622975,female,25,indUnk,Scorpio,1
4165100,female,34,indUnk,Virgo,1
3517780,female,25,indUnk,Leo,1
3536540,female,26,indUnk,Virgo,1
3434678,male,24,Education,Cancer,0
3609476,female,23,indUnk,Sagittarius,1
3044801,female,25,indUnk,Taurus,1
3645672,male,46,Construction,Aries,0
2692026,male,33,Marketing,Cancer,0
3536545,female,27,Government,Aries,1
3437839,female,17,indUnk,Virgo,1
4130944,female,37,Education,Aries,1
4156981,male,17,Student,Taurus,0
3725589,female,23,indUnk,Aquarius,1
3587339,male,16,Student,Scorpio,0
3415954,female,26,indUnk,Taurus,1
4185422,female,15,Education,Virgo,1
3532456,female,14,indUnk,Scorpio,1
3773752,male,23,Communications-Media,Aries,0
3564515,male,37,Technology,Cancer,0
3926387,male,17,Student,Capricorn,0
2219341,male,16,Student,Virgo,0
3936940,female,24,Fashion,Scorpio,1
3563377,female,13,Student,Libra,1
3391437,male,14,Student,Sagittarius,0
3236721,male,15,Science,Pisces,0
3976894,male,15,Student,Virgo,0
3573267,male,35,Communications-Media,Pisces,0
3815948,female,27,Law,Capricorn,1
3419044,male,17,Student,Capricorn,0
1039908,female,16,indUnk,Gemini,1
3872536,male,17,Student,Gemini,0
3655513,male,23,Student,Aries,0
3936825,female,35,Education,Virgo,1
3831024,male,23,Student,Pisces,0
4237617,female,14,Student,Pisces,1
1733061,female,25,indUnk,Taurus,1
2639424,male,25,indUnk,Gemini,0
3588312,male,16,Student,Capricorn,0
3635857,female,35,indUnk,Cancer,1
3474777,male,24,HumanResources,Capricorn,0
3713000,male,17,indUnk,Scorpio,0
3655275,female,33,Science,Sagittarius,1
4104037,female,16,Student,Sagittarius,1
2360704,male,33,Advertising,Taurus,0
3912317,female,16,indUnk,Leo,1
4095969,male,23,Student,Aries,0
3838813,female,23,Student,Gemini,1
1295657,female,23,Publishing,Scorpio,1
3484267,male,15,indUnk,Taurus,0
3413971,male,26,indUnk,Scorpio,0
4247269,male,13,Student,Virgo,0
3733534,female,15,Student,Capricorn,1
3492766,female,16,Student,Pisces,1
3722818,male,27,Engineering,Taurus,0
3408904,female,15,Student,Gemini,1
1232234,female,23,Communications-Media,Taurus,1
3994116,male,44,indUnk,Leo,0
4174285,male,17,Student,Capricorn,0
3829563,female,15,Student,Sagittarius,1
3289545,male,36,Law,Cancer,0
3895208,female,16,Student,Leo,1
3421740,male,27,Technology,Aquarius,0
4240046,female,41,indUnk,Aries,1
4091200,male,33,indUnk,Capricorn,0
3572119,female,17,Arts,Sagittarius,1
2083586,male,17,Student,Gemini,0
4215843,female,25,Communications-Media,Capricorn,1
3651569,female,16,Student,Aquarius,1
3615515,male,23,Student,Aquarius,0
4175185,male,26,indUnk,Scorpio,0
3427991,female,17,Student,Virgo,1
108780,female,25,indUnk,Leo,1
2045777,male,39,Communications-Media,Cancer,0
3897728,female,15,Student,Pisces,1
4313096,male,13,Student,Virgo,0
3624051,male,25,indUnk,Libra,0
3823263,male,16,Military,Scorpio,0
3603677,female,17,Student,Aries,1
3816699,female,14,Education,Sagittarius,1
1237310,male,38,Arts,Taurus,0
3356604,female,16,Student,Aries,1
317450,female,25,indUnk,Taurus,1
1709540,female,25,Communications-Media,Aquarius,1
4119859,female,14,Student,Cancer,1
3418474,male,15,Student,Virgo,0
3844677,male,13,indUnk,Libra,0
1392379,female,25,indUnk,Leo,1
3527011,female,13,indUnk,Capricorn,1
4129240,female,27,Education,Libra,1
3884858,female,15,indUnk,Virgo,1
515680,male,23,indUnk,Virgo,0
3446170,male,27,Law,Cancer,0
1758069,male,25,Technology,Scorpio,0
3892754,female,35,Communications-Media,Cancer,1
3647926,female,26,Environment,Capricorn,1
4308129,male,17,indUnk,Sagittarius,0
4118437,male,26,indUnk,Capricorn,0
3412298,male,23,indUnk,Aries,0
2016512,female,17,Student,Taurus,1
4095218,female,13,Student,Sagittarius,1
3905222,female,15,Student,Virgo,1
4113926,female,17,indUnk,Pisces,1
3722603,male,16,Arts,Capricorn,0
3294876,male,26,Law,Taurus,0
4199639,female,17,indUnk,Gemini,1
3765968,female,34,Non-Profit,Cancer,1
3824515,male,17,indUnk,Capricorn,0
3375539,male,17,Student,Aries,0
944569,female,14,Student,Leo,1
1262059,male,16,Student,Leo,0
3606914,male,24,Communications-Media,Pisces,0
4141324,male,17,indUnk,Pisces,0
3989154,male,33,Non-Profit,Aries,0
3825393,female,34,indUnk,Virgo,1
3877025,female,17,Non-Profit,Cancer,1
3593652,male,15,Technology,Capricorn,0
3340458,male,26,Internet,Libra,0
3130845,male,16,Sports-Recreation,Taurus,0
3477128,female,34,indUnk,Scorpio,1
3494091,male,33,Manufacturing,Libra,0
1205193,female,15,indUnk,Scorpio,1
148638,male,36,Technology,Sagittarius,0
2094786,female,43,indUnk,Aquarius,1
756402,female,16,indUnk,Cancer,1
4185058,female,15,Student,Cancer,1
3559432,male,16,indUnk,Sagittarius,0
3955103,female,14,Student,Taurus,1
4271205,female,26,indUnk,Pisces,1
3493337,female,23,Accounting,Aquarius,1
4121490,female,15,Education,Capricorn,1
1857661,male,17,Student,Pisces,0
3931972,male,42,Construction,Libra,0
3327599,female,17,Education,Aries,1
730427,male,15,Arts,Capricorn,0
3541609,male,27,Engineering,Sagittarius,0
3067032,male,24,indUnk,Aries,0
4041305,female,16,Student,Gemini,1
3876646,female,25,indUnk,Libra,1
3492673,female,15,indUnk,Capricorn,1
3971299,male,40,Museums-Libraries,Taurus,0
3869130,male,17,Student,Sagittarius,0
3524065,male,16,Student,Taurus,0
3992078,female,23,Communications-Media,Cancer,1
3505276,female,13,Student,Libra,1
3526380,male,42,Technology,Taurus,0
3497525,male,16,Student,Gemini,0
3451587,male,48,indUnk,Capricorn,0
4276233,female,17,Student,Aquarius,1
4110610,male,17,indUnk,Taurus,0
4075064,male,23,indUnk,Sagittarius,0
3487761,male,15,Student,Libra,0
4000798,male,14,Government,Aries,0
3481381,male,25,Technology,Virgo,0
3497158,male,23,Construction,Gemini,0
3697773,female,17,indUnk,Pisces,1
3350387,female,25,Communications-Media,Pisces,1
3303148,female,15,Student,Virgo,1
4144799,female,23,indUnk,Aries,1
3996381,female,26,Education,Capricorn,1
4055477,male,16,Student,Taurus,0
4059083,male,41,Communications-Media,Aries,0
3473351,female,33,Law,Scorpio,1
4178526,male,14,indUnk,Aquarius,0
4275359,male,14,indUnk,Aries,0
3321042,female,24,indUnk,Virgo,1
3594138,female,23,Student,Gemini,1
2802337,male,15,Student,Virgo,0
3060999,female,14,indUnk,Libra,1
3407946,male,24,indUnk,Libra,0
3558050,female,25,Education,Sagittarius,1
3970785,male,40,indUnk,Sagittarius,0
4109604,female,24,Non-Profit,Pisces,1
3403305,male,14,Student,Aquarius,0
4260903,female,34,indUnk,Virgo,1
2773136,female,25,indUnk,Sagittarius,1
3619199,female,14,Student,Capricorn,1
4230153,female,17,indUnk,Capricorn,1
2062141,female,17,Student,Pisces,1
3315742,male,27,Student,Virgo,0
4253582,male,16,Student,Cancer,0
4329299,male,16,Student,Virgo,0
4125064,male,26,Engineering,Cancer,0
3850515,male,26,Student,Scorpio,0
3540190,male,16,indUnk,Libra,0
4227542,female,15,indUnk,Gemini,1
3976545,male,33,Publishing,Leo,0
4089074,female,14,Student,Gemini,1
4312497,male,27,Science,Virgo,0
3786069,male,35,Technology,Leo,0
4184721,female,26,Law,Cancer,1
1805340,male,24,indUnk,Gemini,0
3418615,male,27,indUnk,Capricorn,0
4091350,male,26,indUnk,Pisces,0
2566077,male,16,Chemicals,Scorpio,0
2635801,male,17,indUnk,Scorpio,0
3787103,female,15,indUnk,Taurus,1
2299048,female,23,indUnk,Virgo,1
3530960,male,17,Student,Libra,0
2814942,male,33,Education,Taurus,0
3336745,female,14,indUnk,Capricorn,1
4227514,female,23,RealEstate,Virgo,1
3889003,male,15,indUnk,Aquarius,0
3385427,male,24,Technology,Capricorn,0
2092651,female,16,Student,Libra,1
2998091,female,48,indUnk,Virgo,1
3829570,male,14,indUnk,Capricorn,0
3707272,male,16,indUnk,Libra,0
4091363,male,14,indUnk,Scorpio,0
3939655,female,23,indUnk,Cancer,1
3647663,female,45,Manufacturing,Sagittarius,1
3808793,female,13,Student,Taurus,1
4199048,female,16,Student,Capricorn,1
3458931,female,25,Technology,Gemini,1
4177255,female,27,indUnk,Sagittarius,1
3538915,female,24,Non-Profit,Capricorn,1
4036636,female,23,indUnk,Virgo,1
3949801,male,23,Student,Aries,0
4231969,male,16,Engineering,Libra,0
4027719,female,23,Biotech,Aries,1
3368076,female,24,Advertising,Libra,1
3690855,male,25,Student,Leo,0
4048119,female,16,indUnk,Aquarius,1
3361658,male,17,Student,Virgo,0
3735104,male,23,indUnk,Sagittarius,0
4228468,male,44,Engineering,Virgo,0
4325551,male,17,indUnk,Virgo,0
1716133,female,23,indUnk,Pisces,1
3981720,male,24,Communications-Media,Libra,0
3321855,male,27,Arts,Virgo,0
2947268,male,25,Internet,Cancer,0
1627994,female,17,indUnk,Virgo,1
4063562,male,16,Student,Scorpio,0
3793213,female,15,Student,Virgo,1
4298226,female,25,Education,Aquarius,1
3970463,female,26,Banking,Virgo,1
4163734,male,14,Student,Libra,0
3911293,female,25,indUnk,Scorpio,1
3105276,female,26,indUnk,Leo,1
3669681,male,16,Student,Gemini,0
4285072,male,37,indUnk,Libra,0
3152763,female,15,indUnk,Aquarius,1
4148427,female,27,indUnk,Aquarius,1
3792603,male,14,Non-Profit,Scorpio,0
3370699,male,25,Government,Taurus,0
4056772,male,15,indUnk,Libra,0
3949114,female,47,Consulting,Taurus,1
3630901,male,34,Technology,Leo,0
3750238,female,26,HumanResources,Libra,1
4210935,male,36,Telecommunications,Taurus,0
4228304,male,27,Technology,Gemini,0
3475747,female,48,Banking,Pisces,1
3685862,female,14,Non-Profit,Leo,1
3764469,female,23,Education,Virgo,1
3130725,male,16,Religion,Cancer,0
3921052,female,17,Marketing,Cancer,1
3699007,male,17,Student,Libra,0
3524003,male,27,Technology,Libra,0
3865300,male,27,Education,Scorpio,0
3926749,male,26,indUnk,Taurus,0
2427534,male,25,indUnk,Leo,0
3378072,male,27,Arts,Gemini,0
3974762,female,34,Education,Taurus,1
3714924,male,25,Banking,Taurus,0
3651247,male,44,BusinessServices,Aquarius,0
3701619,female,33,indUnk,Leo,1
3573684,female,17,indUnk,Leo,1
828248,male,25,InvestmentBanking,Scorpio,0
4006099,male,15,indUnk,Aries,0
3050485,male,27,Education,Aries,0
3695930,female,13,indUnk,Virgo,1
3660766,female,17,Student,Gemini,1
4203496,male,16,Student,Gemini,0
3493704,male,26,Engineering,Cancer,0
3389942,male,17,Technology,Gemini,0
4026864,male,27,Technology,Taurus,0
3538974,male,15,Religion,Sagittarius,0
4033831,female,15,indUnk,Leo,1
3829276,male,17,indUnk,Capricorn,0
3804974,male,23,Student,Taurus,0
3718164,female,14,Student,Leo,1
3838413,female,23,indUnk,Aquarius,1
3592450,female,13,indUnk,Aquarius,1
3412955,female,23,indUnk,Gemini,1
3527973,female,24,Banking,Cancer,1
4169876,female,14,indUnk,Capricorn,1
3517357,female,15,Student,Virgo,1
4300815,male,27,indUnk,Libra,0
3732981,male,14,indUnk,Leo,0
2696232,female,15,indUnk,Pisces,1
3637028,male,23,Student,Cancer,0
3446038,male,24,Technology,Libra,0
2641615,male,27,Consulting,Libra,0
4036166,male,16,Student,Leo,0
3780951,female,17,Student,Aquarius,1
1288281,female,27,Law,Aries,1
3417527,male,16,Chemicals,Libra,0
3670806,male,14,Student,Pisces,0
3493670,male,17,Student,Pisces,0
4088894,female,27,indUnk,Libra,1
4072978,male,24,Technology,Taurus,0
3974322,female,23,Architecture,Libra,1
3803995,female,13,indUnk,Scorpio,1
3974838,female,13,Student,Virgo,1
3544593,female,15,Student,Leo,1
3911792,male,26,indUnk,Scorpio,0
3785188,female,14,indUnk,Gemini,1
4022284,female,15,indUnk,Virgo,1
3973418,female,15,Religion,Libra,1
3440336,female,23,Arts,Virgo,1
2104957,female,25,indUnk,Pisces,1
3332839,male,17,Non-Profit,Scorpio,0
4106509,male,43,Communications-Media,Scorpio,0
2182958,male,15,Student,Libra,0
2649388,female,24,Student,Pisces,1
3868792,male,33,Education,Pisces,0
4242609,male,16,Student,Aries,0
3619903,male,37,indUnk,Cancer,0
3783863,female,24,indUnk,Aries,1
3683113,male,16,Student,Scorpio,0
4260352,male,26,Technology,Leo,0
4323570,male,26,Military,Gemini,0
3693057,female,24,Consulting,Aquarius,1
3912740,female,13,Student,Aquarius,1
4110925,male,25,Technology,Cancer,0
3622906,female,16,Student,Virgo,1
4259704,female,26,indUnk,Cancer,1
956420,male,26,Technology,Cancer,0
3752973,female,38,Consulting,Sagittarius,1
4128525,female,34,Arts,Taurus,1
4057441,female,25,indUnk,Pisces,1
3136900,male,27,Communications-Media,Scorpio,0
3122451,male,26,Publishing,Cancer,0
3656364,female,23,Non-Profit,Virgo,1
3757062,female,17,indUnk,Capricorn,1
3510968,male,15,indUnk,Capricorn,0
3700604,female,23,Transportation,Aries,1
3627926,male,23,Arts,Sagittarius,0
4127092,female,24,indUnk,Pisces,1
673235,male,37,Internet,Capricorn,0
4105226,male,23,Construction,Pisces,0
3646134,male,17,Student,Leo,0
3932756,female,25,Marketing,Scorpio,1
3531203,male,25,indUnk,Pisces,0
3885215,female,27,indUnk,Cancer,1
3731416,female,25,Banking,Cancer,1
3776017,female,17,Student,Libra,1
3349028,female,15,Student,Pisces,1
3344945,female,27,indUnk,Leo,1
3583096,male,26,Banking,Libra,0
4176726,female,24,Education,Taurus,1
3388015,male,23,Student,Leo,0
4252986,male,25,Technology,Libra,0
3323084,male,27,Technology,Scorpio,0
889952,male,17,indUnk,Gemini,0
4142456,male,15,Student,Capricorn,0
2952293,female,17,Student,Virgo,1
3952651,male,16,indUnk,Gemini,0
3030784,male,15,indUnk,Aquarius,0
3934964,male,23,Publishing,Virgo,0
4189227,male,13,Student,Sagittarius,0
3644144,male,23,Technology,Aries,0
3905805,female,23,Architecture,Taurus,1
1585928,female,16,Student,Scorpio,1
928859,female,41,Military,Virgo,1
3756895,male,16,Student,Virgo,0
3628218,female,17,indUnk,Pisces,1
3387099,female,23,indUnk,Scorpio,1
4115999,female,15,Student,Aries,1
4040454,male,34,indUnk,Sagittarius,0
3885952,male,24,Technology,Aries,0
2579472,female,37,Arts,Capricorn,1
3742547,female,24,Arts,Capricorn,1
3878828,female,23,Education,Virgo,1
747888,male,23,indUnk,Aries,0
3088016,female,23,Technology,Aquarius,1
3295853,female,39,Consulting,Libra,1
3662307,female,23,Technology,Capricorn,1
3441944,male,35,Technology,Scorpio,0
3827619,female,24,indUnk,Leo,1
4216324,male,44,Manufacturing,Cancer,0
3806828,male,16,Student,Virgo,0
4317220,female,16,indUnk,Virgo,1
3298900,female,13,Student,Aries,1
4044007,male,34,Technology,Pisces,0
3868672,female,40,indUnk,Taurus,1
3992978,female,27,indUnk,Libra,1
3785101,female,33,InvestmentBanking,Aries,1
3458399,female,23,indUnk,Taurus,1
4236023,male,17,Student,Taurus,0
4216474,female,26,Advertising,Libra,1
3838215,female,23,Publishing,Gemini,1
2759691,male,16,Student,Virgo,0
3357978,male,17,Technology,Taurus,0
3908064,female,27,Student,Capricorn,1
3970704,female,26,indUnk,Aries,1
3962812,male,17,indUnk,Scorpio,0
3903862,female,13,indUnk,Aquarius,1
3785395,female,36,Education,Taurus,1
4065302,female,24,Non-Profit,Aries,1
3830715,female,24,HumanResources,Aries,1
4161960,male,44,Telecommunications,Aquarius,0
3415054,female,16,Student,Taurus,1
3393960,male,16,Student,Pisces,0
4281615,male,15,indUnk,Gemini,0
2653860,female,16,Student,Leo,1
4081888,female,13,indUnk,Sagittarius,1
4000214,male,17,Student,Aries,0
4235382,female,24,Student,Cancer,1
3912409,male,16,Student,Capricorn,0
3456922,female,17,indUnk,Capricorn,1
3152817,male,17,Student,Scorpio,0
3299670,female,17,Student,Capricorn,1
3326743,male,17,Student,Sagittarius,0
3052011,male,36,Science,Sagittarius,0
4052856,male,17,Non-Profit,Sagittarius,0
4042332,male,23,Technology,Virgo,0
1151815,male,25,Education,Leo,0
3660330,male,17,Fashion,Taurus,0
3440611,male,33,indUnk,Scorpio,0
3693557,male,33,indUnk,Leo,0
1568659,male,33,Internet,Scorpio,0
3823578,male,16,Student,Gemini,0
1451285,female,25,indUnk,Taurus,1
3751084,male,17,Student,Sagittarius,0
4317094,male,16,Student,Gemini,0
3956774,male,17,Student,Capricorn,0
3539840,male,16,indUnk,Libra,0
3057300,female,27,Advertising,Pisces,1
3793635,female,23,indUnk,Aquarius,1
3617731,male,23,indUnk,Pisces,0
4183582,female,36,indUnk,Cancer,1
2985997,male,16,Student,Gemini,0
4065885,male,17,Telecommunications,Virgo,0
3408355,female,16,Student,Aquarius,1
3709033,female,17,Student,Sagittarius,1
4041679,female,24,Student,Gemini,1
3338789,female,27,Education,Cancer,1
4078543,male,14,Student,Taurus,0
4115910,female,24,indUnk,Taurus,1
3792953,female,23,indUnk,Sagittarius,1
1102011,male,15,Student,Sagittarius,0
3212028,male,26,Telecommunications,Taurus,0
4151397,male,17,Agriculture,Scorpio,0
3366968,male,23,indUnk,Taurus,0
3477185,male,24,indUnk,Libra,0
2927720,male,26,Internet,Libra,0
2873403,female,17,Student,Cancer,1
3860954,female,17,indUnk,Scorpio,1
3741936,male,15,Science,Virgo,0
1637456,male,24,Internet,Capricorn,0
3894327,female,17,Student,Aries,1
4198435,female,46,Communications-Media,Pisces,1
3338490,female,34,Law,Cancer,1
4206993,male,37,Automotive,Sagittarius,0
3505095,male,25,Telecommunications,Libra,0
2854036,male,25,indUnk,Leo,0
4167160,male,27,Student,Taurus,0
3686953,female,45,indUnk,Virgo,1
3571034,male,27,Engineering,Cancer,0
3858546,male,16,indUnk,Capricorn,0
3303349,female,15,Student,Gemini,1
4188427,male,23,Marketing,Cancer,0
3381752,female,47,Agriculture,Virgo,1
3625951,female,23,Arts,Leo,1
3540974,female,23,Internet,Aries,1
3952175,female,13,Student,Sagittarius,1
3633519,male,24,HumanResources,Aries,0
3731609,female,16,Student,Sagittarius,1
1223044,male,16,indUnk,Sagittarius,0
3620411,male,27,Student,Aries,0
3771679,male,43,Education,Aries,0
4176497,male,23,Education,Libra,0
3977981,female,27,BusinessServices,Capricorn,1
4252128,male,26,Communications-Media,Pisces,0
3659833,male,34,indUnk,Gemini,0
1062652,female,25,indUnk,Aries,1
3650562,female,27,Telecommunications,Virgo,1
4180506,female,26,indUnk,Leo,1
2505824,female,15,indUnk,Capricorn,1
1031806,male,17,Technology,Sagittarius,0
4157329,female,27,Communications-Media,Cancer,1
3929338,male,23,Student,Capricorn,0
3469195,female,27,indUnk,Pisces,1
3537683,female,25,indUnk,Virgo,1
3898327,female,25,Marketing,Libra,1
4166568,female,40,indUnk,Taurus,1
4067285,female,16,indUnk,Libra,1
3613849,female,25,Government,Virgo,1
3540854,male,27,BusinessServices,Virgo,0
3800453,male,17,Student,Cancer,0
3105572,male,23,Technology,Gemini,0
4181347,male,16,Student,Gemini,0
4036173,female,24,Arts,Sagittarius,1
4309182,male,41,Engineering,Aquarius,0
792246,male,17,Student,Virgo,0
3568550,male,47,Technology,Virgo,0
4205392,male,17,Student,Sagittarius,0
4150430,female,16,Student,Libra,1
3913533,female,37,Government,Leo,1
3747746,male,16,Communications-Media,Leo,0
1413196,male,24,Engineering,Pisces,0
3304415,male,25,indUnk,Virgo,0
2695776,female,48,indUnk,Pisces,1
907388,male,24,Student,Pisces,0
3955416,male,37,Technology,Virgo,0
3432763,female,26,Accounting,Leo,1
871501,female,27,Marketing,Gemini,1
4295548,male,25,Arts,Taurus,0
3920708,male,25,Engineering,Virgo,0
3731988,male,36,Student,Libra,0
3400807,female,23,Student,Gemini,1
3670048,female,27,Education,Leo,1
3941690,female,27,indUnk,Capricorn,1
3989267,male,14,Student,Sagittarius,0
3117208,male,25,indUnk,Gemini,0
4097882,male,34,indUnk,Gemini,0
3460671,male,27,Banking,Sagittarius,0
3865169,female,15,indUnk,Aries,1
2461158,male,16,Student,Taurus,0
1092346,female,16,indUnk,Gemini,1
4035704,male,14,indUnk,Leo,0
3790685,female,17,Student,Pisces,1
696413,male,35,Arts,Virgo,0
3674934,female,24,Student,Capricorn,1
2911399,male,15,Student,Virgo,0
3115824,female,15,indUnk,Virgo,1
3602819,female,23,Student,Leo,1
3900039,female,17,Student,Leo,1
3449532,male,35,indUnk,Sagittarius,0
1074721,male,23,Student,Aquarius,0
3856475,female,26,indUnk,Pisces,1
3993475,female,25,Transportation,Pisces,1
3361723,male,23,Military,Taurus,0
4218225,male,16,Student,Scorpio,0
3552614,male,15,Student,Aries,0
476109,female,25,indUnk,Taurus,1
3670725,female,27,indUnk,Aquarius,1
3789401,female,15,indUnk,Libra,1
3051503,male,27,Technology,Libra,0
4020014,male,16,indUnk,Leo,0
4106280,female,25,Construction,Aries,1
3510223,male,25,indUnk,Aquarius,0
3599466,male,25,Agriculture,Taurus,0
3630523,female,17,Student,Gemini,1
3425530,male,34,Military,Virgo,0
4040811,female,23,indUnk,Cancer,1
3767660,female,23,indUnk,Cancer,1
3717338,female,24,indUnk,Aquarius,1
3873815,male,25,Technology,Gemini,0
4140855,male,25,indUnk,Taurus,0
4071919,female,25,indUnk,Scorpio,1
4188642,male,16,Student,Virgo,0
3956991,male,24,Engineering,Leo,0
3803417,female,24,Chemicals,Capricorn,1
2200026,male,36,indUnk,Virgo,0
4198552,female,24,InvestmentBanking,Cancer,1
3972153,female,17,Student,Gemini,1
3169863,female,23,Communications-Media,Leo,1
3986257,female,15,Student,Gemini,1
3540941,male,24,indUnk,Capricorn,0
3831342,female,46,Science,Scorpio,1
3638035,male,17,indUnk,Pisces,0
3344313,male,46,Government,Leo,0
1045831,male,23,Student,Libra,0
1284564,female,16,indUnk,Pisces,1
3322277,female,16,indUnk,Leo,1
3537427,male,16,Student,Leo,0
3774991,male,14,indUnk,Cancer,0
1153868,male,14,indUnk,Gemini,0
4077712,male,45,Accounting,Cancer,0
4219493,male,16,Student,Scorpio,0
3469665,female,23,Military,Taurus,1
4298817,male,16,Student,Pisces,0
4045272,female,14,Student,Capricorn,1
3375528,male,23,Student,Cancer,0
3785588,female,33,indUnk,Libra,1
4165198,female,25,Law,Sagittarius,1
3673414,male,14,Student,Scorpio,0
3972301,female,15,indUnk,Libra,1
1477098,female,17,Marketing,Sagittarius,1
3907094,male,24,Government,Capricorn,0
3357061,male,15,Arts,Leo,0
3915924,male,39,indUnk,Libra,0
3870085,female,14,indUnk,Scorpio,1
238303,female,24,BusinessServices,Leo,1
3414881,female,25,Arts,Leo,1
3729036,male,24,indUnk,Scorpio,0
4138903,male,27,Student,Virgo,0
3193213,female,14,indUnk,Virgo,1
4204026,male,27,Education,Scorpio,0
1531340,female,15,indUnk,Cancer,1
1662633,female,23,Engineering,Pisces,1
3871292,female,24,LawEnforcement-Security,Aquarius,1
4123217,male,27,indUnk,Scorpio,0
4129709,female,15,Student,Capricorn,1
3601167,female,16,indUnk,Gemini,1
1406988,male,23,Telecommunications,Sagittarius,0
4049781,female,16,Student,Taurus,1
3820228,male,16,Student,Libra,0
3361994,female,24,Non-Profit,Capricorn,1
3861595,female,15,Student,Sagittarius,1
4200029,male,24,Education,Aquarius,0
3578011,male,16,Student,Libra,0
4015982,female,25,indUnk,Leo,1
3593950,female,26,indUnk,Virgo,1
4006134,female,16,Student,Aquarius,1
3152540,female,16,Arts,Virgo,1
3865378,male,15,Student,Sagittarius,0
4248387,male,26,indUnk,Gemini,0
3490316,female,24,LawEnforcement-Security,Aries,1
3566015,female,43,indUnk,Pisces,1
4249969,male,23,indUnk,Virgo,0
3841773,female,24,indUnk,Sagittarius,1
3547940,female,25,Education,Libra,1
4024082,male,25,indUnk,Scorpio,0
3879940,female,24,BusinessServices,Pisces,1
2007347,male,17,Student,Aries,0
3786540,female,17,Student,Aries,1
3618816,female,15,Student,Libra,1
3948370,female,33,Arts,Pisces,1
3043539,female,15,Arts,Taurus,1
3527711,male,25,indUnk,Sagittarius,0
3354778,male,17,Student,Pisces,0
4143984,female,13,indUnk,Aries,1
2581469,female,23,Student,Pisces,1
1019224,female,27,RealEstate,Libra,1
3857958,male,14,Student,Capricorn,0
3636439,male,24,Law,Cancer,0
4138026,female,33,indUnk,Libra,1
3596051,male,24,Student,Pisces,0
4276178,female,25,indUnk,Taurus,1
3708547,female,13,Fashion,Gemini,1
3744366,female,13,Student,Taurus,1
3300651,female,24,BusinessServices,Scorpio,1
4134995,male,39,Education,Aries,0
3586080,male,26,Automotive,Cancer,0
4243827,female,23,Student,Libra,1
4240600,female,15,Student,Libra,1
1311927,female,23,Arts,Aries,1
3827814,male,25,Technology,Libra,0
3332322,female,15,indUnk,Cancer,1
3438848,female,26,indUnk,Cancer,1
4289870,female,14,indUnk,Gemini,1
3617597,male,16,Student,Sagittarius,0
4313290,male,17,Student,Pisces,0
3851189,male,17,Student,Scorpio,0
4079443,female,16,Student,Pisces,1
4284876,female,14,indUnk,Gemini,1
3997925,female,26,Communications-Media,Scorpio,1
3628473,female,16,Student,Virgo,1
3698766,male,16,indUnk,Scorpio,0
3923310,male,26,indUnk,Aquarius,0
3304851,female,16,indUnk,Aries,1
546545,female,34,indUnk,Leo,1
3152463,male,17,Student,Sagittarius,0
1427070,female,25,indUnk,Gemini,1
3485519,female,13,indUnk,Scorpio,1
3974293,female,34,indUnk,Libra,1
4245156,female,27,Education,Aquarius,1
1940587,male,16,Student,Cancer,0
3364296,male,14,indUnk,Aquarius,0
4038615,male,14,Student,Pisces,0
3463066,female,15,indUnk,Cancer,1
3787037,male,37,indUnk,Cancer,0
3578482,male,39,indUnk,Libra,0
3338178,female,27,indUnk,Cancer,1
3388646,male,15,indUnk,Virgo,0
4148541,male,15,Student,Scorpio,0
3747049,male,17,Student,Leo,0
4230100,female,13,Education,Capricorn,1
3289365,male,33,indUnk,Capricorn,0
3690864,male,14,indUnk,Aquarius,0
4174893,female,15,Student,Gemini,1
4288811,male,16,indUnk,Aries,0
3361628,female,15,indUnk,Virgo,1
4222160,male,25,Technology,Aries,0
3496897,male,16,Student,Taurus,0
3427681,female,23,indUnk,Aries,1
3417397,male,23,indUnk,Gemini,0
3864625,female,13,Student,Libra,1
3917386,female,24,Science,Virgo,1
4112864,male,13,Student,Libra,0
3454651,female,25,BusinessServices,Aquarius,1
1180573,female,26,Education,Sagittarius,1
4120089,female,36,Internet,Capricorn,1
3532412,male,17,Student,Taurus,0
3164415,female,35,indUnk,Taurus,1
3739619,female,14,Student,Pisces,1
3565413,male,14,indUnk,Cancer,0
3426130,male,23,Consulting,Scorpio,0
3800643,female,17,indUnk,Gemini,1
206222,male,24,indUnk,Aries,0
3895973,female,13,Student,Virgo,1
1209613,female,35,indUnk,Capricorn,1
3413825,female,25,Student,Taurus,1
4313873,female,23,Agriculture,Cancer,1
3789000,female,15,indUnk,Aries,1
3615592,male,23,Museums-Libraries,Leo,0
3292900,male,24,Student,Pisces,0
987614,female,16,Student,Gemini,1
3016347,male,23,Student,Cancer,0
3918642,female,14,Student,Cancer,1
4246863,male,27,Non-Profit,Virgo,0
4258946,female,24,indUnk,Cancer,1
3904129,male,26,indUnk,Capricorn,0
3142335,female,14,Student,Sagittarius,1
3186591,female,26,Law,Leo,1
3842922,female,15,Non-Profit,Scorpio,1
3336648,female,25,indUnk,Pisces,1
3328531,male,17,Student,Scorpio,0
4008122,female,15,indUnk,Libra,1
4304458,female,25,indUnk,Sagittarius,1
3607427,female,16,Student,Scorpio,1
4116172,female,17,indUnk,Sagittarius,1
3570749,female,16,Student,Leo,1
3440704,female,27,indUnk,Libra,1
4178991,female,27,indUnk,Aries,1
3424390,female,25,Fashion,Aquarius,1
3865755,male,24,BusinessServices,Sagittarius,0
3519292,male,14,Student,Scorpio,0
3065517,female,16,indUnk,Scorpio,1
3730666,female,23,indUnk,Sagittarius,1
3106187,female,23,indUnk,Virgo,1
1939723,male,25,Student,Pisces,0
3698550,male,26,Engineering,Virgo,0
4130053,male,16,Student,Pisces,0
4232158,male,15,Student,Taurus,0
829324,male,26,Student,Aquarius,0
1758432,female,23,Engineering,Taurus,1
2665102,female,23,Education,Scorpio,1
991110,female,24,Education,Aquarius,1
2440626,male,16,Student,Aries,0
3299565,male,16,Internet,Libra,0
3428412,male,16,indUnk,Sagittarius,0
3970585,male,25,Engineering,Pisces,0
1563867,male,27,indUnk,Leo,0
3499629,female,14,indUnk,Virgo,1
3558845,female,26,indUnk,Pisces,1
3558906,female,15,indUnk,Taurus,1
1979283,male,27,Internet,Aries,0
3417899,female,26,Technology,Virgo,1
4112201,male,13,Student,Libra,0
3857049,female,23,indUnk,Leo,1
3985069,male,13,Student,Virgo,0
3574366,male,26,Automotive,Gemini,0
3875409,male,25,indUnk,Taurus,0
3160507,female,47,indUnk,Leo,1
3999894,female,27,Student,Aries,1
3309408,male,45,Education,Taurus,0
1412504,male,33,Internet,Taurus,0
3741344,male,15,Student,Taurus,0
4301301,female,15,Education,Gemini,1
4127599,female,25,Science,Pisces,1
4259824,female,16,indUnk,Pisces,1
3422500,male,16,indUnk,Aquarius,0
4138720,male,16,Student,Cancer,0
3401536,male,23,Technology,Scorpio,0
3582079,male,16,Student,Sagittarius,0
3987991,male,17,Student,Taurus,0
4141720,male,13,Student,Sagittarius,0
2346844,male,14,Arts,Cancer,0
3451696,female,24,indUnk,Virgo,1
4276058,male,14,Student,Sagittarius,0
3569294,female,43,Education,Gemini,1
3400302,male,33,Transportation,Libra,0
3484466,male,15,Education,Scorpio,0
3477900,male,15,Student,Cancer,0
3597755,male,16,Student,Virgo,0
3820187,male,24,Technology,Scorpio,0
3941946,female,16,Technology,Scorpio,1
3414810,female,24,Student,Gemini,1
3966219,male,23,indUnk,Libra,0
4105783,female,15,Student,Cancer,1
4047069,male,16,indUnk,Pisces,0
3849778,female,17,Student,Libra,1
3973460,female,16,Student,Pisces,1
2628114,male,25,Technology,Cancer,0
3332009,male,17,Student,Libra,0
2974594,female,25,Technology,Sagittarius,1
3657474,male,43,indUnk,Capricorn,0
4281580,male,23,Military,Aquarius,0
3373181,male,44,indUnk,Sagittarius,0
3583112,female,23,indUnk,Gemini,1
1100515,female,17,Student,Aries,1
3094486,male,27,indUnk,Gemini,0
3448731,female,25,Education,Cancer,1
3426404,male,15,indUnk,Aquarius,0
1477179,female,23,Education,Leo,1
3510101,female,15,Education,Sagittarius,1
3573057,female,26,BusinessServices,Virgo,1
3326314,male,15,indUnk,Scorpio,0
4179056,male,42,Arts,Capricorn,0
4179366,female,33,indUnk,Scorpio,1
2719307,female,17,indUnk,Libra,1
3356555,female,13,Student,Aries,1
3980805,female,14,indUnk,Taurus,1
3452845,male,25,Banking,Taurus,0
3685850,male,17,indUnk,Gemini,0
3876012,male,27,indUnk,Cancer,0
3415194,female,45,Government,Sagittarius,1
3726642,female,14,Student,Leo,1
3365328,male,16,Student,Cancer,0
3902338,female,24,Education,Virgo,1
3674593,male,16,Student,Libra,0
4105180,female,15,Student,Capricorn,1
4159290,female,17,Student,Sagittarius,1
4011067,female,14,indUnk,Libra,1
3504188,female,14,Arts,Aquarius,1
4121929,female,17,indUnk,Sagittarius,1
3919046,male,27,Consulting,Leo,0
3460066,female,23,indUnk,Gemini,1
3612804,female,13,Arts,Sagittarius,1
4275715,female,34,indUnk,Virgo,1
3132605,male,16,indUnk,Virgo,0
2240993,male,24,indUnk,Taurus,0
3590680,male,13,indUnk,Sagittarius,0
3643729,female,15,Student,Capricorn,1
3400405,female,40,indUnk,Leo,1
3915930,male,13,Student,Sagittarius,0
4204175,female,16,Student,Taurus,1
4181649,female,27,Education,Virgo,1
3391318,female,23,indUnk,Capricorn,1
3758806,female,24,Student,Cancer,1
2666667,female,24,indUnk,Aries,1
3968693,female,13,Student,Virgo,1
3294718,male,16,Student,Capricorn,0
4178816,female,17,Student,Libra,1
3439485,female,26,Architecture,Scorpio,1
2460557,male,16,indUnk,Taurus,0
3833525,male,16,indUnk,Taurus,0
2681792,female,25,Consulting,Aries,1
3138216,female,38,indUnk,Libra,1
4157354,male,25,indUnk,Capricorn,0
3517645,female,24,Technology,Gemini,1
3682880,female,13,Student,Libra,1
3218572,male,36,Technology,Leo,0
3048449,male,23,indUnk,Cancer,0
4108638,male,25,Student,Scorpio,0
3525229,female,37,indUnk,Virgo,1
4246739,female,36,Arts,Scorpio,1
3770914,male,16,indUnk,Virgo,0
3527866,female,39,indUnk,Scorpio,1
2730361,male,16,Student,Virgo,0
4026929,male,25,indUnk,Cancer,0
4283836,female,15,Student,Virgo,1
3747478,male,26,Engineering,Virgo,0
3363755,female,27,indUnk,Virgo,1
1169202,male,26,Science,Libra,0
4062018,female,16,indUnk,Virgo,1
3519787,female,14,Student,Virgo,1
4217177,male,17,Fashion,Virgo,0
4134395,male,27,indUnk,Aquarius,0
862379,female,25,Science,Virgo,1
2194618,female,26,indUnk,Cancer,1
2922360,female,33,Communications-Media,Sagittarius,1
2991527,female,27,indUnk,Virgo,1
3515827,male,24,Student,Pisces,0
3918607,female,25,Marketing,Cancer,1
3093523,female,25,Marketing,Sagittarius,1
3692465,male,38,indUnk,Aries,0
3519295,female,15,Student,Libra,1
3849434,female,36,indUnk,Cancer,1
2897571,male,23,Student,Virgo,0
3375564,male,27,Education,Leo,0
4137777,male,15,indUnk,Capricorn,0
1274852,female,27,indUnk,Pisces,1
3811467,male,24,indUnk,Pisces,0
3769230,female,33,Tourism,Cancer,1
1330888,female,36,indUnk,Pisces,1
3547279,female,27,indUnk,Cancer,1
4100455,female,24,Religion,Cancer,1
3867461,female,23,Technology,Capricorn,1
3741468,female,16,indUnk,Aries,1
3326197,male,15,Student,Aries,0
3471510,male,15,Technology,Aquarius,0
1259041,female,17,Non-Profit,Taurus,1
4268604,female,27,indUnk,Taurus,1
3992888,male,23,Education,Gemini,0
3325216,male,14,Student,Aries,0
3803408,male,17,Student,Scorpio,0
1741611,female,33,indUnk,Cancer,1
3927804,male,26,Communications-Media,Virgo,0
1231380,male,15,indUnk,Aquarius,0
1050060,female,24,Student,Pisces,1
3867705,female,24,indUnk,Pisces,1
2482030,male,27,indUnk,Taurus,0
1722161,female,23,Fashion,Libra,1
1340343,female,16,Student,Taurus,1
3600011,male,43,Technology,Cancer,0
4131984,female,15,Student,Virgo,1
4065211,male,24,indUnk,Pisces,0
3827100,female,16,Student,Scorpio,1
2209219,female,27,indUnk,Cancer,1
3289932,female,26,indUnk,Capricorn,1
3819903,female,17,Student,Libra,1
4199221,female,13,Student,Taurus,1
3303032,male,25,Technology,Sagittarius,0
4001150,female,17,Student,Gemini,1
3663117,female,17,indUnk,Aquarius,1
3481376,male,34,indUnk,Aries,0
3842628,male,23,indUnk,Sagittarius,0
3250626,female,23,indUnk,Virgo,1
3905906,female,16,indUnk,Aquarius,1
3158772,female,15,indUnk,Aries,1
3506146,male,23,Student,Aquarius,0
4216216,female,39,indUnk,Leo,1
3795160,male,16,Student,Libra,0
3217271,male,35,indUnk,Sagittarius,0
3396399,female,23,indUnk,Gemini,1
3544122,male,27,Communications-Media,Aries,0
956611,female,26,indUnk,Gemini,1
3296491,male,27,Communications-Media,Taurus,0
3357337,female,17,Student,Gemini,1
4210703,male,26,indUnk,Capricorn,0
3333514,male,42,Publishing,Pisces,0
3525349,male,23,indUnk,Taurus,0
3828094,female,25,Education,Leo,1
3839018,female,24,Arts,Libra,1
4128174,female,15,indUnk,Aquarius,1
3619647,male,15,indUnk,Pisces,0
3177451,male,17,Student,Virgo,0
3825001,male,15,indUnk,Leo,0
1444263,female,17,Arts,Sagittarius,1
3592041,female,27,BusinessServices,Leo,1
4292261,female,23,Student,Leo,1
713224,male,16,Student,Capricorn,0
3961048,male,37,Science,Pisces,0
1585532,male,16,Student,Libra,0
4310333,female,41,indUnk,Pisces,1
3515038,female,26,indUnk,Taurus,1
3340210,male,23,indUnk,Taurus,0
3223380,male,16,Student,Pisces,0
3297343,female,23,indUnk,Sagittarius,1
4295212,male,14,Sports-Recreation,Sagittarius,0
3906646,female,24,RealEstate,Pisces,1
3426941,female,16,Student,Sagittarius,1
4200843,male,39,Technology,Sagittarius,0
3887235,female,33,Non-Profit,Taurus,1
3593684,female,23,Student,Virgo,1
2587417,male,15,Student,Libra,0
545238,female,38,indUnk,Gemini,1
3809030,female,24,Student,Virgo,1
3890409,male,17,Student,Taurus,0
4264506,female,15,Student,Leo,1
4114457,female,17,Student,Libra,1
4284559,female,14,Student,Scorpio,1
4285409,female,13,indUnk,Scorpio,1
3942353,female,23,indUnk,Gemini,1
3523963,male,24,Technology,Capricorn,0
4025706,male,17,Technology,Aries,0
3497011,female,14,Student,Pisces,1
3433360,male,36,indUnk,Sagittarius,0
4173253,male,14,Student,Libra,0
3800368,male,15,Student,Virgo,0
3559752,male,27,BusinessServices,Gemini,0
4118995,male,25,indUnk,Libra,0
3598983,male,37,Communications-Media,Taurus,0
3838863,male,17,Student,Gemini,0
3428998,female,17,indUnk,Gemini,1
2702055,male,26,indUnk,Aries,0
3952922,male,16,Student,Sagittarius,0
4295951,male,16,Student,Libra,0
1380619,male,34,indUnk,Taurus,0
4296920,female,15,Student,Sagittarius,1
3877081,female,23,indUnk,Aries,1
2050704,male,16,Student,Libra,0
595404,female,48,indUnk,Pisces,1
535158,male,26,Law,Aquarius,0
3423558,male,15,indUnk,Leo,0
3457177,male,25,LawEnforcement-Security,Capricorn,0
3949287,male,44,Marketing,Taurus,0
3695597,male,25,indUnk,Aquarius,0
3588411,female,16,Student,Scorpio,1
4025961,male,16,Student,Cancer,0
567431,female,23,indUnk,Leo,1
2277671,female,16,Student,Taurus,1
3827591,male,14,indUnk,Aries,0
3638231,male,16,indUnk,Sagittarius,0
3377986,female,14,indUnk,Libra,1
3750679,female,46,indUnk,Libra,1
3911367,male,48,Non-Profit,Virgo,0
4041882,female,35,indUnk,Aquarius,1
4208357,female,24,Arts,Pisces,1
3932283,female,33,Law,Libra,1
3325477,female,27,indUnk,Aquarius,1
3917252,female,24,indUnk,Sagittarius,1
1903652,female,14,indUnk,Libra,1
3807770,female,33,Transportation,Scorpio,1
4220690,female,41,Communications-Media,Taurus,1
4028373,female,17,indUnk,Leo,1
4243218,male,15,indUnk,Gemini,0
4063665,female,23,indUnk,Cancer,1
906909,male,24,Education,Libra,0
3531507,female,25,indUnk,Aries,1
3496136,female,38,indUnk,Libra,1
3372062,female,25,indUnk,Taurus,1
4157968,male,16,Student,Pisces,0
2772378,female,45,Communications-Media,Leo,1
3486574,female,15,Student,Gemini,1
7596,male,26,Internet,Scorpio,0
3715442,female,27,Accounting,Cancer,1
3926731,male,27,indUnk,Taurus,0
4246208,female,15,indUnk,Pisces,1
4127701,female,27,indUnk,Leo,1
3324318,female,33,HumanResources,Aquarius,1
3937468,female,25,indUnk,Sagittarius,1
3561710,female,26,indUnk,Sagittarius,1
3340072,male,13,indUnk,Aries,0
4062491,male,39,Chemicals,Cancer,0
1818327,male,24,indUnk,Aries,0
3954381,male,40,Technology,Cancer,0
4075617,male,15,Student,Aries,0
3418171,male,15,HumanResources,Aquarius,0
3629349,male,17,Student,Aries,0
3493154,female,38,Science,Aries,1
