"personage","gender","how_old_they_are","whatTheyDoForWork","ascending_sun_sign","is_female"
3851137,"male",14,"Science","Capricorn",0
3914258,"male",13,"Student","Virgo",0
1668490,"female",26,"Chemicals","Gemini",1
3715812,"female",13,"indUnk","Libra",1
3810527,"male",27,"indUnk","Virgo",0
3299359,"male",17,"indUnk","Gemini",0
3340458,"male",26,"Internet","Libra",0
3681578,"male",17,"Student","Leo",0
4255242,"female",15,"Education","Gemini",1
3872874,"female",23,"Science","Taurus",1
3911836,"female",23,"indUnk","Taurus",1
4149439,"female",35,"HumanResources","Cancer",1
4215892,"female",15,"Student","Cancer",1
3597932,"female",40,"indUnk","Virgo",1
3839018,"female",24,"Arts","Libra",1
4273458,"male",27,"Internet","Aries",0
3731602,"male",26,"indUnk","Sagittarius",0
3568314,"female",40,"indUnk","Virgo",1
4124898,"male",43,"Construction","Cancer",0
2002478,"male",25,"Science","Sagittarius",0
3447366,"male",25,"indUnk","Aries",0
3057795,"female",14,"Student","Pisces",1
3701023,"female",34,"indUnk","Capricorn",1
2952959,"female",24,"indUnk","Capricorn",1
3376407,"female",14,"Student","Aquarius",1
3005033,"female",25,"Communications-Media","Gemini",1
1807720,"female",16,"Student","Leo",1
3874402,"female",15,"indUnk","Sagittarius",1
3491774,"male",36,"indUnk","Gemini",0
4144593,"male",16,"Student","Scorpio",0
3391462,"male",15,"Student","Aries",0
4251627,"female",15,"Student","Pisces",1
3343256,"male",23,"indUnk","Virgo",0
4053881,"male",23,"Technology","Scorpio",0
3295085,"male",15,"indUnk","Aquarius",0
3328632,"male",16,"Student","Sagittarius",0
298924,"male",25,"Student","Gemini",0
3314642,"female",42,"indUnk","Sagittarius",1
3864561,"female",23,"Student","Cancer",1
1939723,"male",25,"Student","Pisces",0
4191471,"male",25,"Communications-Media","Aquarius",0
3523319,"male",24,"Internet","Pisces",0
3229623,"female",14,"indUnk","Leo",1
3498546,"female",23,"indUnk","Capricorn",1
3976928,"male",23,"Communications-Media","Cancer",0
3051029,"female",36,"Technology","Pisces",1
3228857,"female",15,"indUnk","Gemini",1
3875922,"female",17,"Student","Pisces",1
3342074,"female",23,"HumanResources","Leo",1
3457907,"female",17,"indUnk","Sagittarius",1
3384319,"female",15,"indUnk","Libra",1
4015154,"male",24,"Non-Profit","Aquarius",0
3386364,"male",23,"Science","Virgo",0
4141194,"female",24,"Tourism","Aries",1
3618816,"female",15,"Student","Libra",1
3590558,"female",14,"Student","Pisces",1
3588446,"female",23,"Education","Cancer",1
3898977,"female",38,"Publishing","Leo",1
303162,"female",38,"indUnk","Virgo",1
3798944,"male",23,"Banking","Capricorn",0
3633973,"female",14,"indUnk","Scorpio",1
994616,"male",17,"Student","Libra",0
2686344,"female",15,"Education","Pisces",1
3294420,"male",38,"Technology","Taurus",0
3876313,"female",27,"Education","Pisces",1
2621153,"male",16,"Arts","Scorpio",0
4184613,"male",23,"Engineering","Scorpio",0
3961216,"male",36,"Communications-Media","Cancer",0
3698513,"female",16,"indUnk","Virgo",1
4101326,"female",17,"indUnk","Gemini",1
3208819,"male",23,"Student","Aries",0
3493010,"female",13,"indUnk","Pisces",1
1880181,"male",25,"Government","Gemini",0
3385100,"female",16,"indUnk","Taurus",1
4287012,"female",17,"Student","Taurus",1
3403180,"female",40,"Accounting","Scorpio",1
4063562,"male",16,"Student","Scorpio",0
2635791,"female",23,"indUnk","Leo",1
4117187,"female",16,"Student","Gemini",1
3656772,"female",17,"Student","Capricorn",1
3903248,"male",23,"Student","Gemini",0
3540941,"male",24,"indUnk","Capricorn",0
3603286,"male",26,"Student","Aries",0
216413,"female",26,"Law","Cancer",1
4001150,"female",17,"Student","Gemini",1
4131346,"male",15,"Arts","Libra",0
3321400,"male",24,"Student","Libra",0
613975,"male",16,"indUnk","Scorpio",0
3751152,"male",27,"Technology","Capricorn",0
4015188,"male",35,"Arts","Cancer",0
3449535,"male",24,"Internet","Pisces",0
4176617,"female",26,"indUnk","Leo",1
3415523,"male",25,"Internet","Aquarius",0
75671,"male",36,"Engineering","Aries",0
3978972,"male",17,"indUnk","Libra",0
3630552,"male",26,"Science","Aquarius",0
3608331,"female",27,"Arts","Gemini",1
2974962,"female",24,"Fashion","Capricorn",1
3577073,"male",26,"Banking","Scorpio",0
4231833,"male",16,"Student","Sagittarius",0
3722828,"male",17,"Technology","Libra",0
4013711,"male",26,"Education","Capricorn",0
956218,"female",33,"Biotech","Capricorn",1
3698384,"female",15,"Fashion","Pisces",1
4236877,"female",17,"Student","Libra",1
3517315,"female",23,"indUnk","Scorpio",1
4086960,"female",25,"indUnk","Scorpio",1
4276058,"male",14,"Student","Sagittarius",0
3672392,"male",16,"indUnk","Taurus",0
3683969,"male",17,"indUnk","Cancer",0
3981812,"male",27,"Religion","Libra",0
4097301,"female",14,"indUnk","Virgo",1
3692465,"male",38,"indUnk","Aries",0
1077954,"male",26,"indUnk","Gemini",0
2844086,"male",15,"Student","Pisces",0
3946611,"male",17,"indUnk","Libra",0
3828422,"female",24,"indUnk","Pisces",1
2921692,"male",26,"Student","Aquarius",0
3056598,"female",13,"Arts","Virgo",1
3934445,"female",13,"Student","Taurus",1
9289,"male",23,"Marketing","Taurus",0
2797732,"female",23,"Science","Taurus",1
776742,"male",25,"Engineering","Taurus",0
4256247,"male",23,"indUnk","Gemini",0
3499721,"male",17,"indUnk","Leo",0
202334,"male",17,"indUnk","Aquarius",0
3789000,"female",15,"indUnk","Aries",1
4165917,"female",17,"Education","Cancer",1
1892791,"female",33,"indUnk","Scorpio",1
3445511,"female",26,"Education","Libra",1
790559,"female",34,"Internet","Leo",1
4247571,"male",16,"Student","Cancer",0
3692786,"female",15,"Student","Gemini",1
4306594,"female",23,"Engineering","Taurus",1
4146221,"female",24,"Publishing","Gemini",1
1702682,"male",23,"indUnk","Scorpio",0
3884312,"female",26,"indUnk","Scorpio",1
3931930,"female",24,"indUnk","Scorpio",1
1488330,"male",17,"Non-Profit","Pisces",0
3789909,"male",23,"Technology","Virgo",0
3689247,"male",17,"Military","Aquarius",0
3469176,"male",17,"Engineering","Scorpio",0
3961750,"male",26,"Internet","Capricorn",0
4219142,"male",25,"indUnk","Leo",0
476109,"female",25,"indUnk","Taurus",1
3358531,"male",40,"Education","Scorpio",0
3647416,"female",23,"Communications-Media","Scorpio",1
4188734,"male",26,"Communications-Media","Scorpio",0
4237045,"female",27,"Arts","Sagittarius",1
4256343,"male",26,"indUnk","Gemini",0
2535854,"male",16,"Student","Pisces",0
3589501,"male",16,"Student","Sagittarius",0
3088766,"male",26,"indUnk","Pisces",0
3898151,"female",16,"indUnk","Leo",1
3874838,"male",25,"indUnk","Aries",0
4308382,"female",17,"indUnk","Capricorn",1
4116628,"female",16,"Student","Libra",1
3481866,"female",23,"Engineering","Pisces",1
3497014,"female",43,"Education","Cancer",1
3886245,"female",17,"Student","Taurus",1
4320995,"male",25,"indUnk","Aquarius",0
3914673,"male",16,"Student","Sagittarius",0
3315536,"female",14,"Science","Libra",1
4070519,"female",23,"Arts","Aquarius",1
1826925,"male",26,"Arts","Gemini",0
2212868,"male",26,"Internet","Leo",0
3112893,"male",16,"Student","Sagittarius",0
3345280,"male",14,"Education","Aries",0
3948476,"female",14,"indUnk","Libra",1
3905054,"male",17,"Student","Virgo",0
3739064,"male",24,"Technology","Aries",0
3567863,"male",16,"Non-Profit","Libra",0
1608709,"male",25,"Accounting","Aries",0
4107878,"male",14,"Student","Scorpio",0
2887572,"female",26,"Consulting","Aquarius",1
4038669,"female",23,"indUnk","Leo",1
3972301,"female",15,"indUnk","Libra",1
3315453,"male",24,"Technology","Leo",0
4285148,"female",17,"Student","Gemini",1
1461773,"male",25,"Engineering","Virgo",0
4127953,"female",26,"indUnk","Libra",1
3330196,"male",23,"Marketing","Virgo",0
3499629,"female",14,"indUnk","Virgo",1
3622707,"female",15,"indUnk","Cancer",1
4203281,"male",27,"indUnk","Gemini",0
3959859,"female",14,"indUnk","Leo",1
1673237,"female",42,"Non-Profit","Aquarius",1
3810788,"female",15,"Non-Profit","Leo",1
4251220,"female",15,"Student","Scorpio",1
4028811,"female",24,"Communications-Media","Pisces",1
3895096,"male",17,"Student","Scorpio",0
3435302,"male",26,"indUnk","Capricorn",0
3354525,"male",17,"Student","Leo",0
4169684,"male",17,"Student","Virgo",0
3336127,"male",13,"indUnk","Capricorn",0
3425989,"male",15,"Student","Sagittarius",0
4319396,"male",16,"Student","Leo",0
724360,"male",27,"indUnk","Taurus",0
3346453,"male",15,"indUnk","Scorpio",0
3847790,"female",36,"indUnk","Cancer",1
2565326,"male",48,"Communications-Media","Aries",0
4243962,"female",34,"Religion","Virgo",1
3879598,"male",16,"indUnk","Virgo",0
3537022,"male",26,"Communications-Media","Libra",0
296044,"male",27,"Technology","Capricorn",0
3669886,"male",16,"indUnk","Gemini",0
3881861,"male",24,"indUnk","Gemini",0
3505405,"male",26,"indUnk","Pisces",0
3519292,"male",14,"Student","Scorpio",0
3348936,"male",25,"Student","Gemini",0
3289588,"male",17,"Architecture","Leo",0
3829066,"male",23,"Religion","Cancer",0
3987851,"male",16,"indUnk","Sagittarius",0
1029959,"male",17,"indUnk","Aries",0
3974322,"female",23,"Architecture","Libra",1
2260369,"female",15,"Education","Virgo",1
2835115,"female",16,"indUnk","Sagittarius",1
1125433,"male",48,"Military","Aquarius",0
1799065,"female",17,"indUnk","Capricorn",1
3869125,"male",15,"Military","Sagittarius",0
3984669,"male",24,"indUnk","Aries",0
3425653,"male",14,"indUnk","Virgo",0
3787004,"male",16,"Biotech","Sagittarius",0
3818898,"male",24,"Consulting","Leo",0
2672634,"male",23,"Engineering","Gemini",0
3382490,"male",46,"indUnk","Capricorn",0
3833325,"female",17,"Education","Sagittarius",1
4242096,"male",38,"Technology","Virgo",0
3483449,"female",23,"Arts","Sagittarius",1
3932072,"female",16,"indUnk","Capricorn",1
3473655,"female",33,"Education","Aquarius",1
3555498,"female",43,"Marketing","Aquarius",1
3630174,"female",25,"Technology","Sagittarius",1
2879615,"male",25,"Technology","Taurus",0
3924227,"male",16,"Sports-Recreation","Leo",0
4275140,"male",15,"Student","Scorpio",0
4193510,"male",23,"indUnk","Aries",0
4160032,"female",25,"Museums-Libraries","Capricorn",1
3768435,"male",14,"indUnk","Taurus",0
2793502,"female",26,"indUnk","Cancer",1
3520353,"male",25,"indUnk","Gemini",0
3392696,"female",27,"Tourism","Leo",1
3346538,"male",35,"Construction","Taurus",0
3249063,"female",23,"indUnk","Pisces",1
2839210,"male",23,"Advertising","Virgo",0
1231400,"female",24,"indUnk","Cancer",1
426718,"female",27,"Non-Profit","Gemini",1
3311164,"male",14,"indUnk","Pisces",0
4199376,"female",14,"Chemicals","Scorpio",1
4231869,"female",17,"indUnk","Scorpio",1
4056016,"male",13,"Military","Sagittarius",0
3892447,"female",13,"Arts","Virgo",1
3612176,"female",26,"indUnk","Aries",1
3065476,"female",13,"Student","Scorpio",1
3951642,"male",17,"Student","Taurus",0
4151879,"female",14,"Student","Sagittarius",1
4060406,"male",25,"Religion","Gemini",0
3939319,"male",17,"Technology","Libra",0
3404376,"male",17,"Student","Sagittarius",0
3776655,"male",26,"Arts","Pisces",0
3499594,"male",33,"Technology","Gemini",0
3751621,"male",27,"Law","Cancer",0
299143,"female",23,"Engineering","Cancer",1
4310398,"female",14,"Student","Gemini",1
3659893,"male",15,"Student","Scorpio",0
3527777,"female",16,"indUnk","Sagittarius",1
3724623,"male",15,"Student","Leo",0
3373204,"male",25,"Technology","Aries",0
3378351,"male",26,"indUnk","Cancer",0
3678735,"male",15,"Student","Libra",0
4132460,"male",14,"indUnk","Libra",0
4055853,"male",15,"indUnk","Libra",0
2258198,"male",25,"Engineering","Gemini",0
3493432,"male",24,"Chemicals","Virgo",0
3294505,"male",15,"Student","Leo",0
3885773,"female",42,"indUnk","Cancer",1
4270503,"male",16,"indUnk","Sagittarius",0
3818804,"female",17,"Student","Taurus",1
4202674,"female",23,"indUnk","Gemini",1
2664554,"male",35,"indUnk","Libra",0
4226262,"male",13,"Communications-Media","Taurus",0
4309741,"female",17,"indUnk","Gemini",1
3135005,"male",17,"Student","Leo",0
3061874,"male",25,"Technology","Pisces",0
1971502,"female",25,"BusinessServices","Pisces",1
3650889,"female",15,"Student","Scorpio",1
3806303,"female",23,"indUnk","Capricorn",1
3471383,"female",14,"indUnk","Gemini",1
3515206,"male",13,"Student","Aquarius",0
3414073,"male",14,"Communications-Media","Libra",0
3530425,"female",40,"Education","Aquarius",1
2635745,"female",15,"Student","Pisces",1
3009982,"female",15,"Student","Pisces",1
3417441,"female",24,"Accounting","Virgo",1
3565664,"female",35,"Technology","Libra",1
3681834,"male",26,"Science","Cancer",0
2988995,"male",26,"Technology","Cancer",0
2183217,"male",16,"Student","Leo",0
3994809,"female",15,"Student","Aries",1
3844281,"female",24,"indUnk","Pisces",1
3337906,"female",26,"Internet","Sagittarius",1
1820362,"female",25,"indUnk","Cancer",1
3894427,"female",17,"Student","Leo",1
4074263,"male",35,"indUnk","Pisces",0
3616679,"female",47,"indUnk","Cancer",1
3547867,"female",24,"Technology","Capricorn",1
4053386,"female",26,"indUnk","Pisces",1
3827357,"female",15,"Non-Profit","Pisces",1
3917928,"male",15,"Technology","Virgo",0
3743814,"male",24,"BusinessServices","Scorpio",0
3811738,"male",25,"indUnk","Virgo",0
3590334,"male",27,"Arts","Virgo",0
4129961,"female",17,"Student","Virgo",1
3764910,"male",17,"Student","Aquarius",0
4276846,"male",14,"Student","Aries",0
3839760,"female",24,"Student","Pisces",1
3470087,"male",15,"indUnk","Gemini",0
4105620,"male",26,"Arts","Cancer",0
2649508,"male",44,"indUnk","Libra",0
4076603,"male",36,"Technology","Capricorn",0
3793386,"male",37,"InvestmentBanking","Scorpio",0
3881695,"female",14,"Student","Leo",1
3864344,"male",26,"indUnk","Libra",0
4112244,"male",40,"Consulting","Capricorn",0
4236382,"female",40,"indUnk","Gemini",1
3903607,"female",25,"Law","Taurus",1
3884723,"female",24,"Accounting","Cancer",1
4185171,"male",23,"Student","Leo",0
1774842,"female",15,"indUnk","Cancer",1
3929075,"female",17,"indUnk","Taurus",1
3762397,"male",27,"indUnk","Gemini",0
3389233,"male",17,"Student","Pisces",0
3884612,"male",42,"indUnk","Gemini",0
3482296,"male",23,"indUnk","Capricorn",0
3780185,"female",33,"Publishing","Cancer",1
3501549,"male",17,"Student","Leo",0
2857161,"male",23,"indUnk","Aquarius",0
3295288,"female",33,"Transportation","Virgo",1
4120558,"female",26,"LawEnforcement-Security","Taurus",1
3832923,"female",27,"Education","Pisces",1
751522,"female",17,"indUnk","Sagittarius",1
3884809,"male",14,"Student","Aries",0
3418420,"female",17,"Military","Pisces",1
3676100,"male",25,"Communications-Media","Capricorn",0
1716133,"female",23,"indUnk","Pisces",1
3490766,"female",25,"Fashion","Capricorn",1
4235996,"male",15,"Student","Taurus",0
4155748,"female",23,"Arts","Capricorn",1
3566695,"female",25,"Arts","Gemini",1
1378761,"male",16,"Student","Libra",0
3904961,"female",23,"indUnk","Cancer",1
3390883,"male",24,"Telecommunications","Cancer",0
3594699,"female",24,"Communications-Media","Scorpio",1
3483907,"male",16,"Student","Sagittarius",0
3418388,"male",26,"Communications-Media","Virgo",0
4139452,"male",16,"Manufacturing","Leo",0
4264217,"male",17,"Architecture","Pisces",0
4127857,"female",17,"Student","Gemini",1
831082,"male",23,"indUnk","Scorpio",0
4159332,"female",15,"indUnk","Capricorn",1
3831111,"female",14,"indUnk","Taurus",1
3509891,"male",46,"Technology","Gemini",0
4245772,"male",25,"indUnk","Capricorn",0
3521480,"male",17,"Student","Aquarius",0
3581214,"female",16,"indUnk","Leo",1
4052886,"female",13,"indUnk","Virgo",1
4292279,"female",25,"Student","Libra",1
3731828,"female",17,"Student","Virgo",1
3961230,"female",15,"Student","Scorpio",1
4118493,"male",27,"indUnk","Leo",0
3702803,"male",24,"InvestmentBanking","Gemini",0
1450960,"female",24,"Fashion","Pisces",1
3846832,"male",24,"Government","Sagittarius",0
3536384,"male",16,"Fashion","Libra",0
3743674,"female",34,"Education","Sagittarius",1
3312844,"female",24,"indUnk","Aries",1
3174728,"male",17,"Student","Pisces",0
3366891,"male",23,"indUnk","Aquarius",0
3376175,"male",42,"Consulting","Taurus",0
1884464,"female",34,"indUnk","Scorpio",1
3589312,"male",23,"Banking","Cancer",0
3917252,"female",24,"indUnk","Sagittarius",1
4009346,"male",24,"Non-Profit","Taurus",0
3925742,"male",27,"indUnk","Scorpio",0
2515003,"male",17,"Student","Aries",0
4059801,"male",17,"Student","Aquarius",0
3349028,"female",15,"Student","Pisces",1
4283836,"female",15,"Student","Virgo",1
2608756,"female",38,"Education","Gemini",1
3587860,"female",24,"Non-Profit","Cancer",1
3453865,"female",46,"Law","Leo",1
3628417,"male",17,"Non-Profit","Leo",0
3686758,"male",38,"indUnk","Virgo",0
4300301,"female",23,"Education","Gemini",1
3628218,"female",17,"indUnk","Pisces",1
3922150,"male",16,"Communications-Media","Leo",0
3511677,"male",34,"Publishing","Capricorn",0
3736084,"male",25,"Non-Profit","Leo",0
3987266,"male",14,"indUnk","Virgo",0
1996075,"male",16,"Student","Scorpio",0
3638850,"female",27,"Tourism","Virgo",1
3425704,"female",34,"Education","Leo",1
3428877,"female",15,"Student","Taurus",1
3306664,"male",36,"indUnk","Sagittarius",0
195160,"female",36,"Non-Profit","Virgo",1
3880217,"female",14,"indUnk","Taurus",1
2996376,"male",16,"BusinessServices","Capricorn",0
4148541,"male",15,"Student","Scorpio",0
3526005,"female",17,"Student","Leo",1
3715807,"female",25,"indUnk","Leo",1
3747324,"male",17,"Education","Scorpio",0
3229187,"male",23,"indUnk","Leo",0
3468570,"male",17,"Student","Cancer",0
4287440,"female",26,"indUnk","Scorpio",1
3126397,"male",24,"Technology","Taurus",0
1598918,"male",27,"Education","Aries",0
4146450,"female",16,"Student","Aries",1
3785526,"male",23,"Technology","Taurus",0
3948727,"male",17,"Student","Aquarius",0
4214781,"male",26,"indUnk","Gemini",0
3966664,"male",16,"Fashion","Pisces",0
3907671,"female",23,"Government","Scorpio",1
1350027,"female",16,"Student","Scorpio",1
3306336,"female",16,"indUnk","Capricorn",1
1226756,"male",23,"Technology","Leo",0
4052167,"female",35,"Education","Libra",1
2897463,"male",26,"indUnk","Leo",0
3315312,"male",17,"Student","Sagittarius",0
1672912,"female",17,"Education","Aries",1
3398284,"female",24,"indUnk","Libra",1
1561597,"female",25,"Fashion","Scorpio",1
4044185,"female",34,"indUnk","Taurus",1
3907682,"male",27,"Technology","Virgo",0
4208262,"female",43,"Government","Cancer",1
3973262,"female",23,"indUnk","Capricorn",1
3949045,"female",23,"Arts","Sagittarius",1
3832680,"male",15,"indUnk","Sagittarius",0
3438943,"female",24,"Education","Taurus",1
3862121,"female",44,"indUnk","Virgo",1
3299377,"male",25,"Technology","Aries",0
3559262,"female",16,"Tourism","Cancer",1
4243411,"male",35,"Publishing","Gemini",0
3712913,"male",15,"Student","Virgo",0
2678611,"male",16,"Student","Capricorn",0
3179370,"male",35,"indUnk","Pisces",0
3599786,"female",26,"Fashion","Sagittarius",1
3832265,"female",17,"Communications-Media","Pisces",1
4164598,"male",16,"indUnk","Scorpio",0
3430461,"male",16,"Student","Aquarius",0
3880346,"male",14,"Student","Virgo",0
3399431,"male",27,"Communications-Media","Libra",0
4174465,"female",34,"indUnk","Aries",1
3382977,"male",15,"Student","Taurus",0
4138144,"male",23,"Engineering","Leo",0
578626,"female",34,"Education","Gemini",1
4002418,"male",16,"Engineering","Virgo",0
3931176,"female",14,"indUnk","Sagittarius",1
1637456,"male",24,"Internet","Capricorn",0
3302742,"female",23,"Technology","Pisces",1
4298002,"male",14,"Student","Scorpio",0
3825027,"male",14,"Student","Leo",0
3994558,"male",24,"Engineering","Virgo",0
4288137,"male",42,"Publishing","Taurus",0
3976117,"male",25,"indUnk","Pisces",0
4004688,"female",15,"Student","Scorpio",1
4015759,"male",16,"indUnk","Libra",0
2899422,"male",41,"Museums-Libraries","Libra",0
4199216,"female",17,"Student","Cancer",1
3329104,"female",23,"Student","Pisces",1
1676824,"female",40,"Non-Profit","Cancer",1
1861336,"female",26,"indUnk","Scorpio",1
3876728,"male",26,"indUnk","Leo",0
3921252,"female",41,"indUnk","Virgo",1
4180199,"female",17,"Communications-Media","Libra",1
899153,"female",27,"Religion","Gemini",1
4332271,"male",23,"indUnk","Capricorn",0
3755332,"female",27,"Education","Scorpio",1
3911306,"female",13,"Student","Taurus",1
3784795,"male",14,"Student","Scorpio",0
4286661,"female",16,"Student","Gemini",1
3605137,"male",15,"Student","Scorpio",0
3908022,"female",16,"Student","Pisces",1
4057046,"female",34,"Arts","Pisces",1
4177264,"male",13,"Student","Aries",0
3626815,"male",17,"Student","Cancer",0
797269,"female",15,"Student","Libra",1
2760682,"female",26,"Arts","Gemini",1
4161232,"male",15,"indUnk","Taurus",0
3524204,"female",24,"indUnk","Aries",1
3541805,"male",37,"Student","Capricorn",0
3620866,"male",44,"indUnk","Libra",0
2738460,"female",23,"BusinessServices","Sagittarius",1
1564008,"female",16,"Sports-Recreation","Libra",1
4167721,"female",25,"indUnk","Cancer",1
4216768,"male",17,"Student","Scorpio",0
3458931,"female",25,"Technology","Gemini",1
3577251,"male",45,"Technology","Aries",0
4154110,"female",14,"Student","Scorpio",1
3645176,"male",35,"HumanResources","Aries",0
3705151,"female",17,"indUnk","Scorpio",1
4172563,"female",23,"Education","Virgo",1
3946628,"male",15,"Student","Cancer",0
3431501,"male",15,"indUnk","Sagittarius",0
4204189,"female",46,"Arts","Sagittarius",1
4171449,"male",26,"Transportation","Taurus",0
4337650,"male",17,"indUnk","Leo",0
3410673,"male",14,"Student","Leo",0
3854694,"female",25,"Architecture","Capricorn",1
4297060,"female",14,"Education","Leo",1
3850366,"female",26,"indUnk","Aries",1
2987894,"female",17,"Student","Aquarius",1
3906756,"female",15,"indUnk","Taurus",1
324909,"female",25,"indUnk","Libra",1
3209115,"female",23,"indUnk","Gemini",1
3726004,"male",23,"indUnk","Virgo",0
3743249,"female",16,"Student","Cancer",1
4234833,"male",17,"indUnk","Cancer",0
1438488,"female",26,"indUnk","Leo",1
674684,"female",23,"Religion","Libra",1
4285648,"female",17,"Student","Capricorn",1
3661496,"female",16,"indUnk","Pisces",1
3429289,"female",35,"Science","Leo",1
3764012,"male",16,"Student","Gemini",0
4127599,"female",25,"Science","Pisces",1
2906530,"male",16,"Education","Libra",0
3641551,"male",15,"Student","Sagittarius",0
4228592,"male",16,"Student","Virgo",0
3960532,"female",26,"Education","Scorpio",1
3972918,"male",24,"Tourism","Virgo",0
3435484,"female",38,"indUnk","Gemini",1
4314374,"female",23,"Communications-Media","Sagittarius",1
3337797,"female",36,"indUnk","Scorpio",1
3312592,"male",26,"Non-Profit","Cancer",0
3510816,"female",23,"Student","Leo",1
3294192,"male",16,"Student","Sagittarius",0
4270047,"female",24,"Engineering","Scorpio",1
3748772,"male",25,"indUnk","Scorpio",0
2395460,"female",14,"Student","Pisces",1
3901857,"female",24,"indUnk","Aries",1
2586248,"male",17,"indUnk","Aquarius",0
4295951,"male",16,"Student","Libra",0
1567751,"female",25,"Education","Cancer",1
3876012,"male",27,"indUnk","Cancer",0
3791890,"male",16,"indUnk","Aquarius",0
1273538,"male",23,"Advertising","Taurus",0
3537660,"female",25,"Education","Sagittarius",1
1503737,"male",26,"indUnk","Pisces",0
3937058,"female",17,"Student","Aquarius",1
3837231,"female",13,"indUnk","Libra",1
1107975,"male",17,"Student","Pisces",0
663735,"male",23,"indUnk","Libra",0
4035553,"female",17,"Student","Leo",1
3715542,"male",27,"Telecommunications","Leo",0
4326228,"male",17,"Student","Cancer",0
3601014,"male",15,"indUnk","Gemini",0
3745609,"male",25,"Banking","Aries",0
4008562,"male",25,"indUnk","Aries",0
3727898,"male",34,"indUnk","Scorpio",0
2116991,"male",33,"Internet","Virgo",0
1912582,"female",46,"indUnk","Virgo",1
3390196,"female",33,"indUnk","Gemini",1
4098582,"female",24,"Education","Sagittarius",1
3714605,"female",23,"indUnk","Taurus",1
4253449,"male",37,"Banking","Capricorn",0
4157884,"male",15,"indUnk","Libra",0
1915246,"male",35,"Government","Gemini",0
3501607,"male",15,"Student","Gemini",0
2644316,"male",25,"Technology","Gemini",0
3772159,"female",37,"Accounting","Gemini",1
3661312,"female",15,"indUnk","Leo",1
2714874,"male",26,"Government","Sagittarius",0
3442772,"male",33,"Arts","Virgo",0
4068076,"male",17,"Student","Cancer",0
3955710,"male",16,"Student","Aquarius",0
4142218,"male",23,"Sports-Recreation","Gemini",0
4067405,"female",23,"indUnk","Scorpio",1
4317220,"female",16,"indUnk","Virgo",1
4223695,"female",35,"indUnk","Capricorn",1
703953,"male",17,"indUnk","Scorpio",0
3239761,"male",16,"Student","Capricorn",0
3865350,"male",15,"indUnk","Virgo",0
2514878,"male",24,"Communications-Media","Scorpio",0
4251283,"male",15,"Student","Scorpio",0
3328601,"male",16,"indUnk","Scorpio",0
3343978,"female",15,"Student","Virgo",1
3830511,"male",15,"Student","Cancer",0
3422906,"male",14,"indUnk","Scorpio",0
4263206,"male",23,"indUnk","Cancer",0
4120153,"female",15,"Tourism","Leo",1
3441990,"male",24,"indUnk","Libra",0
3868823,"female",27,"Museums-Libraries","Leo",1
2217559,"female",24,"Student","Leo",1
3943325,"female",17,"Student","Scorpio",1
3940854,"male",17,"indUnk","Cancer",0
1741868,"female",37,"indUnk","Virgo",1
634667,"male",24,"indUnk","Libra",0
4225018,"male",14,"Student","Taurus",0
3679805,"female",15,"Student","Virgo",1
4224081,"male",16,"Student","Leo",0
3742186,"female",24,"indUnk","Leo",1
3414631,"female",35,"Manufacturing","Virgo",1
4070690,"male",26,"Tourism","Leo",0
3381776,"female",27,"indUnk","Scorpio",1
3178789,"male",36,"Publishing","Cancer",0
4042056,"female",15,"Arts","Virgo",1
1816386,"male",16,"Arts","Cancer",0
3348806,"male",24,"Technology","Taurus",0
3548491,"male",13,"indUnk","Capricorn",0
3899435,"male",26,"Technology","Capricorn",0
3571773,"female",35,"Education","Scorpio",1
3772857,"female",27,"indUnk","Aries",1
3335702,"female",15,"Student","Gemini",1
860293,"female",25,"Law","Sagittarius",1
1982416,"male",42,"indUnk","Pisces",0
3591359,"male",24,"indUnk","Cancer",0
4122908,"male",16,"Arts","Scorpio",0
3824836,"male",25,"Non-Profit","Taurus",0
2873751,"male",23,"Manufacturing","Virgo",0
3908259,"female",43,"indUnk","Capricorn",1
4002449,"male",24,"indUnk","Aries",0
3891408,"female",16,"indUnk","Libra",1
3858424,"male",17,"indUnk","Gemini",0
3524065,"male",16,"Student","Taurus",0
3855097,"female",23,"Consulting","Cancer",1
3371580,"male",15,"indUnk","Capricorn",0
3752243,"female",15,"Student","Libra",1
4167456,"female",37,"Education","Aries",1
3368570,"female",24,"Advertising","Scorpio",1
4219418,"male",35,"indUnk","Libra",0
3689752,"female",23,"Accounting","Aries",1
4137907,"female",16,"indUnk","Scorpio",1
3363848,"female",14,"indUnk","Capricorn",1
3580982,"female",24,"indUnk","Libra",1
3749687,"male",33,"indUnk","Capricorn",0
3530981,"male",34,"indUnk","Scorpio",0
669719,"male",26,"Science","Taurus",0
3994437,"female",39,"Arts","Gemini",1
3576380,"male",23,"Manufacturing","Virgo",0
2244144,"male",17,"Education","Scorpio",0
2978905,"female",25,"Education","Virgo",1
3151402,"female",38,"indUnk","Pisces",1
4014812,"male",17,"Student","Aries",0
3109915,"female",26,"indUnk","Gemini",1
3760738,"female",25,"Communications-Media","Scorpio",1
792437,"female",24,"Education","Gemini",1
3985212,"female",23,"Education","Cancer",1
3885952,"male",24,"Technology","Aries",0
2854177,"male",25,"indUnk","Capricorn",0
3373026,"female",25,"indUnk","Taurus",1
228004,"male",25,"indUnk","Virgo",0
1341988,"female",24,"Marketing","Cancer",1
3355583,"female",26,"Architecture","Cancer",1
3375748,"female",24,"Student","Pisces",1
3947284,"male",17,"indUnk","Scorpio",0
3511707,"male",14,"Student","Taurus",0
3226138,"female",34,"indUnk","Sagittarius",1
3294597,"male",24,"indUnk","Aquarius",0
3039274,"male",26,"indUnk","Virgo",0
754701,"male",26,"Advertising","Aries",0
3895121,"male",26,"Internet","Aries",0
3053482,"male",23,"Chemicals","Leo",0
3692477,"male",25,"Internet","Scorpio",0
3531203,"male",25,"indUnk","Pisces",0
3854961,"male",25,"Government","Virgo",0
3833194,"female",34,"Internet","Gemini",1
3904727,"female",42,"Accounting","Aquarius",1
4256399,"male",42,"Construction","Gemini",0
2319066,"male",17,"Student","Virgo",0
702465,"female",25,"indUnk","Leo",1
3444841,"female",23,"indUnk","Aquarius",1
3668919,"female",26,"Student","Leo",1
3621553,"male",17,"Education","Capricorn",0
4101510,"female",15,"indUnk","Pisces",1
3711347,"female",17,"Student","Aries",1
3713271,"female",15,"indUnk","Leo",1
4177027,"male",24,"Automotive","Pisces",0
3438977,"female",38,"indUnk","Capricorn",1
3581115,"female",24,"indUnk","Pisces",1
2552845,"male",15,"Technology","Libra",0
3669682,"male",24,"Student","Taurus",0
3929056,"female",25,"indUnk","Aries",1
2840286,"female",23,"Communications-Media","Aquarius",1
1325536,"female",16,"Student","Virgo",1
3463074,"male",13,"Student","Scorpio",0
3769337,"male",16,"BusinessServices","Leo",0
4297657,"male",23,"indUnk","Leo",0
3754924,"male",23,"indUnk","Gemini",0
4290848,"female",24,"indUnk","Pisces",1
3311441,"male",16,"Student","Aquarius",0
3838413,"female",23,"indUnk","Aquarius",1
3214154,"male",27,"Internet","Capricorn",0
2992523,"female",17,"indUnk","Gemini",1
3606039,"male",26,"Telecommunications","Taurus",0
4141328,"female",24,"indUnk","Cancer",1
3709365,"female",27,"indUnk","Aquarius",1
1880598,"male",40,"Technology","Capricorn",0
2134154,"male",16,"Arts","Taurus",0
3825057,"female",14,"indUnk","Pisces",1
3850185,"male",15,"Student","Scorpio",0
4108175,"female",26,"Education","Virgo",1
2049668,"female",25,"indUnk","Capricorn",1
2862307,"male",17,"indUnk","Aries",0
4294854,"female",15,"Student","Virgo",1
3642778,"male",16,"Student","Aquarius",0
1335883,"male",27,"Arts","Libra",0
2944841,"male",15,"indUnk","Leo",0
3594277,"female",15,"Student","Pisces",1
3476842,"male",24,"Architecture","Capricorn",0
4067843,"male",23,"Student","Aries",0
4255356,"female",37,"Marketing","Scorpio",1
999503,"male",25,"Internet","Cancer",0
3644623,"male",35,"Government","Aquarius",0
1407268,"male",23,"indUnk","Taurus",0
4204411,"female",15,"indUnk","Aquarius",1
3117208,"male",25,"indUnk","Gemini",0
4252852,"female",26,"indUnk","Taurus",1
3190106,"male",34,"Internet","Virgo",0
3871936,"female",14,"Student","Libra",1
3896970,"male",43,"Education","Virgo",0
4329651,"female",33,"Education","Gemini",1
4053312,"female",33,"Architecture","Taurus",1
3380200,"male",34,"Non-Profit","Sagittarius",0
3752378,"female",26,"indUnk","Scorpio",1
4217444,"female",27,"Telecommunications","Gemini",1
3866344,"male",16,"indUnk","Scorpio",0
2899838,"female",17,"Student","Cancer",1
4219350,"female",16,"Student","Cancer",1
2931298,"female",25,"Manufacturing","Gemini",1
3497011,"female",14,"Student","Pisces",1
4238907,"male",14,"indUnk","Leo",0
3829920,"male",23,"Science","Cancer",0
420325,"male",45,"indUnk","Taurus",0
4227061,"female",13,"indUnk","Libra",1
3836043,"female",17,"Student","Leo",1
3670070,"female",17,"Student","Sagittarius",1
4291825,"male",14,"Student","Sagittarius",0
3085370,"female",17,"Arts","Libra",1
3845636,"female",17,"Student","Cancer",1
3717525,"male",14,"Student","Taurus",0
3395340,"male",27,"indUnk","Virgo",0
3732159,"male",27,"indUnk","Sagittarius",0
4077130,"female",24,"Engineering","Libra",1
4222816,"female",15,"Student","Gemini",1
4161453,"female",42,"indUnk","Aquarius",1
3403998,"female",26,"Banking","Taurus",1
3484215,"male",23,"Technology","Pisces",0
3948911,"male",15,"Student","Gemini",0
3072844,"female",14,"Education","Libra",1
3019516,"male",25,"indUnk","Cancer",0
3315304,"male",17,"Student","Gemini",0
3732981,"male",14,"indUnk","Leo",0
3428947,"male",37,"indUnk","Capricorn",0
3344485,"male",25,"indUnk","Capricorn",0
3392709,"female",44,"Technology","Aries",1
3731443,"female",16,"Arts","Pisces",1
3832197,"female",45,"Education","Sagittarius",1
3427320,"male",23,"Education","Aquarius",0
4204017,"female",14,"Student","Aquarius",1
601845,"female",34,"Consulting","Scorpio",1
3361530,"female",36,"indUnk","Virgo",1
3368521,"female",15,"indUnk","Gemini",1
4052088,"female",25,"Architecture","Libra",1
3449831,"male",24,"indUnk","Libra",0
3537683,"female",25,"indUnk","Virgo",1
3492445,"male",39,"indUnk","Leo",0
4260303,"female",25,"indUnk","Taurus",1
3827331,"male",23,"indUnk","Cancer",0
3803105,"male",34,"Internet","Capricorn",0
3324914,"male",16,"Student","Virgo",0
3878670,"male",34,"indUnk","Taurus",0
3696093,"female",15,"indUnk","Taurus",1
3306386,"male",45,"indUnk","Scorpio",0
3735480,"male",16,"Engineering","Gemini",0
3794819,"male",16,"indUnk","Pisces",0
4112510,"female",17,"Education","Aries",1
4152245,"female",15,"indUnk","Taurus",1
3012369,"male",14,"indUnk","Cancer",0
3306195,"male",33,"indUnk","Leo",0
3877081,"female",23,"indUnk","Aries",1
3303998,"male",17,"Student","Scorpio",0
3764406,"male",13,"indUnk","Taurus",0
4286858,"female",25,"indUnk","Pisces",1
3711979,"female",25,"indUnk","Pisces",1
4275283,"female",23,"Education","Leo",1
3809970,"male",26,"Communications-Media","Aries",0
3888192,"male",16,"indUnk","Virgo",0
3742562,"female",16,"Student","Capricorn",1
3847377,"male",16,"Publishing","Aquarius",0
3962512,"male",16,"Student","Pisces",0
2453793,"female",23,"Education","Aries",1
3553466,"female",25,"indUnk","Scorpio",1
4100092,"male",45,"Student","Cancer",0
3248078,"male",14,"Internet","Gemini",0
4302300,"female",26,"Non-Profit","Virgo",1
4322358,"female",25,"Automotive","Libra",1
3309489,"female",24,"indUnk","Aquarius",1
3866851,"female",15,"indUnk","Cancer",1
3514661,"female",16,"indUnk","Taurus",1
3839753,"male",23,"indUnk","Capricorn",0
4174346,"female",33,"indUnk","Taurus",1
3614450,"male",43,"Non-Profit","Aries",0
3905544,"male",25,"Communications-Media","Leo",0
3553662,"female",35,"indUnk","Pisces",1
3477041,"male",17,"indUnk","Aquarius",0
3718622,"female",14,"indUnk","Pisces",1
3370628,"female",16,"Student","Leo",1
3611358,"female",34,"Non-Profit","Leo",1
3961062,"male",23,"Student","Gemini",0
2012053,"female",15,"Student","Pisces",1
4030660,"female",25,"Science","Scorpio",1
566970,"male",27,"indUnk","Libra",0
3416026,"female",26,"Student","Libra",1
3509247,"male",17,"Student","Scorpio",0
4204026,"male",27,"Education","Scorpio",0
3401372,"male",16,"Student","Leo",0
3923678,"female",17,"Student","Sagittarius",1
3974838,"female",13,"Student","Virgo",1
4296936,"female",26,"Non-Profit","Virgo",1
4163039,"female",16,"Automotive","Sagittarius",1
3092694,"male",25,"Technology","Leo",0
4333477,"male",27,"Technology","Cancer",0
3831237,"female",34,"Law","Libra",1
3483362,"male",16,"Student","Taurus",0
3444022,"male",41,"Technology","Scorpio",0
3320360,"male",27,"Arts","Capricorn",0
2869734,"male",23,"Communications-Media","Scorpio",0
3921324,"male",25,"indUnk","Pisces",0
3466221,"male",26,"Student","Leo",0
4225157,"female",16,"Technology","Taurus",1
3378253,"male",24,"indUnk","Libra",0
3753823,"female",23,"indUnk","Leo",1
3972364,"female",23,"Education","Aquarius",1
4119051,"male",26,"Marketing","Gemini",0
4193340,"female",16,"indUnk","Cancer",1
3390145,"female",16,"Student","Taurus",1
3983904,"female",23,"Law","Taurus",1
2995161,"male",26,"indUnk","Leo",0
4039894,"female",23,"Marketing","Capricorn",1
2663008,"male",24,"Non-Profit","Cancer",0
3384726,"male",17,"indUnk","Aquarius",0
3472026,"male",15,"Student","Sagittarius",0
3593684,"female",23,"Student","Virgo",1
3609323,"male",14,"Arts","Sagittarius",0
3939608,"male",16,"Student","Taurus",0
3981322,"male",14,"Student","Virgo",0
4111255,"female",17,"Fashion","Aquarius",1
3753470,"male",15,"Student","Pisces",0
3656480,"male",17,"indUnk","Leo",0
3174982,"female",26,"Arts","Aries",1
4110417,"female",40,"Education","Aries",1
3580770,"female",15,"Student","Pisces",1
1446030,"female",17,"Student","Aquarius",1
4149873,"male",17,"indUnk","Taurus",0
3645055,"female",14,"Education","Aquarius",1
4180531,"male",23,"indUnk","Taurus",0
3708234,"female",25,"indUnk","Virgo",1
4101122,"female",17,"indUnk","Capricorn",1
4051987,"male",24,"Student","Sagittarius",0
3060073,"male",27,"Architecture","Aquarius",0
1877260,"male",23,"Student","Aquarius",0
3563331,"female",17,"indUnk","Aries",1
4226483,"male",17,"indUnk","Pisces",0
2383328,"male",26,"indUnk","Virgo",0
3911034,"male",26,"Technology","Leo",0
4241730,"male",16,"indUnk","Gemini",0
1894533,"male",24,"BusinessServices","Libra",0
4301541,"female",17,"indUnk","Virgo",1
3313054,"male",33,"Manufacturing","Sagittarius",0
3359666,"female",45,"Non-Profit","Scorpio",1
4067399,"female",23,"indUnk","Leo",1
1695621,"female",26,"indUnk","Virgo",1
4004415,"female",27,"Law","Aries",1
3976083,"female",27,"Sports-Recreation","Sagittarius",1
3378072,"male",27,"Arts","Gemini",0
1818261,"female",14,"Student","Virgo",1
3723497,"female",14,"Student","Capricorn",1
4176084,"female",14,"Student","Capricorn",1
3967340,"female",17,"Student","Sagittarius",1
4015552,"male",16,"indUnk","Capricorn",0
3516460,"female",35,"Accounting","Cancer",1
3423963,"male",37,"Manufacturing","Virgo",0
913315,"male",25,"Communications-Media","Aquarius",0
3510563,"female",27,"indUnk","Sagittarius",1
1579923,"male",15,"indUnk","Virgo",0
4235954,"female",39,"indUnk","Capricorn",1
2998136,"male",17,"Student","Scorpio",0
3744749,"male",17,"Student","Aquarius",0
3805349,"male",14,"Student","Virgo",0
1231733,"female",24,"Communications-Media","Cancer",1
4267143,"female",24,"Military","Sagittarius",1
4137869,"female",23,"Education","Gemini",1
4033887,"male",35,"Communications-Media","Pisces",0
3611552,"male",16,"Student","Scorpio",0
3983577,"male",24,"Science","Libra",0
2746168,"female",16,"Student","Aquarius",1
4336267,"male",27,"Student","Aries",0
4006879,"female",17,"indUnk","Libra",1
3626700,"female",15,"Student","Libra",1
2981416,"male",17,"Automotive","Pisces",0
4201848,"male",45,"HumanResources","Aquarius",0
1756707,"female",24,"Student","Cancer",1
851693,"female",15,"Student","Aquarius",1
3749122,"female",14,"Student","Sagittarius",1
3858296,"male",16,"Construction","Aries",0
3476464,"male",24,"Arts","Cancer",0
2964073,"male",16,"Student","Taurus",0
3735034,"female",14,"indUnk","Taurus",1
3508871,"female",23,"Student","Aquarius",1
1365875,"female",27,"indUnk","Gemini",1
3710725,"female",17,"indUnk","Capricorn",1
3423212,"female",25,"indUnk","Pisces",1
3541543,"male",16,"Student","Libra",0
3466199,"male",25,"indUnk","Leo",0
3300396,"female",24,"indUnk","Libra",1
4294640,"male",15,"indUnk","Taurus",0
4029385,"male",25,"Internet","Leo",0
3693889,"female",27,"Non-Profit","Leo",1
3349029,"female",36,"Arts","Aries",1
4118838,"male",33,"indUnk","Taurus",0
4220994,"female",25,"indUnk","Virgo",1
3433402,"female",16,"indUnk","Aries",1
4074068,"male",27,"Government","Virgo",0
3539470,"female",36,"indUnk","Virgo",1
3580624,"male",37,"Technology","Virgo",0
4231706,"female",24,"Technology","Aquarius",1
3377005,"male",26,"indUnk","Sagittarius",0
4242995,"female",16,"indUnk","Leo",1
3409695,"male",23,"Student","Gemini",0
3828486,"female",24,"indUnk","Libra",1
4300554,"female",17,"Student","Scorpio",1
3498605,"male",15,"Student","Leo",0
3826133,"female",24,"Education","Sagittarius",1
3941254,"female",27,"Education","Aries",1
3416481,"female",17,"Arts","Capricorn",1
3356084,"male",13,"indUnk","Aquarius",0
1258907,"female",15,"Student","Taurus",1
3454243,"female",33,"Arts","Cancer",1
2949127,"male",24,"Government","Aquarius",0
3392349,"male",16,"indUnk","Cancer",0
78196,"female",35,"indUnk","Aries",1
734023,"female",14,"Student","Cancer",1
3711623,"female",27,"Law","Sagittarius",1
4139711,"male",27,"Student","Aquarius",0
3403444,"female",14,"indUnk","Taurus",1
4161215,"female",13,"Student","Virgo",1
3762871,"female",15,"indUnk","Leo",1
3658320,"female",15,"Student","Taurus",1
3486652,"male",24,"Technology","Aquarius",0
2543400,"male",17,"Student","Capricorn",0
3342992,"male",15,"Student","Virgo",0
3624051,"male",25,"indUnk","Libra",0
3737807,"female",17,"indUnk","Virgo",1
4256934,"female",13,"Student","Leo",1
3446810,"female",17,"Communications-Media","Scorpio",1
3640328,"female",45,"Arts","Scorpio",1
3900797,"male",15,"Religion","Libra",0
3312354,"male",27,"Student","Libra",0
3702150,"male",27,"Accounting","Gemini",0
4143737,"female",14,"Student","Capricorn",1
3974302,"male",15,"Student","Scorpio",0
3511199,"male",23,"Internet","Pisces",0
3530568,"male",17,"Student","Aquarius",0
3473874,"female",24,"Transportation","Libra",1
3906690,"male",23,"Technology","Leo",0
2038371,"male",36,"Fashion","Gemini",0
1156278,"male",37,"Internet","Taurus",0
3983261,"female",15,"Sports-Recreation","Aries",1
3599758,"male",24,"Non-Profit","Aries",0
2822042,"female",47,"Arts","Taurus",1
3819242,"female",25,"Education","Capricorn",1
4173841,"female",43,"indUnk","Gemini",1
3460990,"female",27,"Education","Aquarius",1
4212907,"male",23,"Arts","Cancer",0
3724080,"male",14,"Student","Scorpio",0
3895428,"male",23,"indUnk","Aquarius",0
4301799,"female",23,"Education","Aries",1
801180,"male",36,"Technology","Pisces",0
3923832,"female",35,"indUnk","Taurus",1
4014085,"female",23,"Student","Sagittarius",1
3093831,"female",35,"indUnk","Taurus",1
3806681,"male",24,"Telecommunications","Sagittarius",0
3158527,"female",15,"indUnk","Taurus",1
3500899,"male",13,"Student","Virgo",0
2871837,"male",26,"indUnk","Scorpio",0
3418730,"male",17,"indUnk","Pisces",0
3818126,"female",25,"Education","Virgo",1
3333905,"male",46,"indUnk","Cancer",0
3616582,"male",24,"Communications-Media","Aries",0
4141228,"female",17,"indUnk","Taurus",1
4194617,"female",47,"Education","Cancer",1
3651769,"male",23,"Transportation","Libra",0
3520152,"male",16,"Student","Scorpio",0
3124065,"male",24,"indUnk","Sagittarius",0
3983696,"male",25,"Religion","Scorpio",0
2608455,"female",24,"indUnk","Aries",1
3843387,"female",25,"Communications-Media","Capricorn",1
3480066,"male",24,"indUnk","Aries",0
4177816,"male",36,"Internet","Virgo",0
1400059,"male",23,"Education","Pisces",0
4284055,"male",27,"indUnk","Aquarius",0
3918538,"female",13,"indUnk","Cancer",1
3037386,"male",37,"Manufacturing","Taurus",0
3566811,"female",27,"Student","Gemini",1
3097076,"male",27,"indUnk","Sagittarius",0
2190377,"female",16,"Student","Gemini",1
4056685,"female",39,"Transportation","Libra",1
3808547,"female",42,"Tourism","Libra",1
4268277,"female",14,"indUnk","Leo",1
3450423,"female",17,"Student","Gemini",1
4027929,"male",17,"Arts","Gemini",0
3560362,"male",16,"indUnk","Aquarius",0
3968693,"female",13,"Student","Virgo",1
3350389,"female",23,"Non-Profit","Libra",1
3971078,"male",17,"Student","Capricorn",0
3396004,"male",25,"Engineering","Cancer",0
2834611,"female",24,"Advertising","Cancer",1
3824121,"female",15,"Student","Virgo",1
4256858,"male",25,"indUnk","Taurus",0
3525827,"male",16,"indUnk","Aries",0
3387627,"male",26,"Technology","Sagittarius",0
4263029,"female",35,"indUnk","Taurus",1
3586361,"male",25,"Manufacturing","Gemini",0
3373468,"female",17,"Student","Leo",1
3340888,"male",27,"indUnk","Libra",0
3355324,"female",16,"indUnk","Scorpio",1
3186824,"male",25,"indUnk","Aquarius",0
4303559,"female",16,"indUnk","Taurus",1
3599634,"female",14,"Student","Libra",1
3391252,"male",23,"Marketing","Scorpio",0
568146,"male",24,"indUnk","Libra",0
3869207,"male",17,"Technology","Aries",0
3591822,"female",16,"Student","Cancer",1
3178061,"male",26,"Automotive","Sagittarius",0
3501128,"female",14,"Arts","Gemini",1
4142265,"male",23,"Tourism","Taurus",0
3341249,"male",43,"indUnk","Cancer",0
3562986,"male",23,"indUnk","Cancer",0
3419884,"female",24,"indUnk","Taurus",1
4147164,"female",33,"indUnk","Pisces",1
3560795,"female",13,"indUnk","Pisces",1
3291131,"male",25,"indUnk","Taurus",0
4276062,"male",26,"Advertising","Virgo",0
1087356,"female",23,"indUnk","Virgo",1
3889807,"female",24,"indUnk","Aquarius",1
4042429,"male",35,"indUnk","Gemini",0
3886025,"male",25,"indUnk","Pisces",0
1959126,"male",27,"Internet","Capricorn",0
4226887,"female",15,"Student","Pisces",1
3397935,"female",27,"indUnk","Aries",1
3313968,"male",16,"indUnk","Cancer",0
3577418,"male",27,"Arts","Virgo",0
3870614,"male",16,"Chemicals","Scorpio",0
3370305,"female",26,"indUnk","Pisces",1
4300465,"male",24,"Internet","Libra",0
3169714,"female",16,"Student","Libra",1
1538355,"female",15,"indUnk","Aquarius",1
3313830,"male",48,"indUnk","Virgo",0
3548452,"female",23,"Student","Aries",1
3558845,"female",26,"indUnk","Pisces",1
4323690,"female",27,"Student","Libra",1
4065478,"female",25,"indUnk","Taurus",1
4314398,"female",16,"indUnk","Aries",1
4238771,"female",16,"Student","Taurus",1
3575321,"female",27,"indUnk","Cancer",1
3732255,"female",25,"Technology","Taurus",1
3482668,"male",15,"indUnk","Libra",0
2109397,"male",15,"Student","Libra",0
3916081,"male",24,"indUnk","Aries",0
3816474,"male",35,"Marketing","Aries",0
4089504,"male",13,"indUnk","Cancer",0
3668618,"male",16,"indUnk","Gemini",0
3510682,"male",23,"indUnk","Scorpio",0
3992059,"female",24,"Student","Leo",1
3427361,"female",26,"indUnk","Cancer",1
662223,"female",25,"indUnk","Virgo",1
3828187,"male",17,"indUnk","Aries",0
4005627,"male",27,"Advertising","Leo",0
1526231,"female",24,"indUnk","Scorpio",1
2402419,"female",25,"Consulting","Cancer",1
4060465,"female",24,"Engineering","Capricorn",1
3236721,"male",15,"Science","Pisces",0
3360382,"female",24,"Student","Leo",1
4091801,"female",17,"Arts","Capricorn",1
3976205,"male",23,"Engineering","Aquarius",0
3753306,"female",25,"indUnk","Libra",1
4253269,"male",24,"indUnk","Aquarius",0
3580656,"female",24,"indUnk","Pisces",1
3333187,"male",26,"Technology","Leo",0
3531571,"female",24,"Accounting","Libra",1
2012853,"female",23,"indUnk","Libra",1
4152489,"male",23,"Government","Cancer",0
3575188,"female",15,"Student","Taurus",1
4059627,"male",37,"Technology","Cancer",0
3981596,"female",13,"indUnk","Libra",1
3889861,"female",34,"BusinessServices","Sagittarius",1
3593652,"male",15,"Technology","Capricorn",0
1591994,"male",15,"indUnk","Cancer",0
3819476,"male",16,"LawEnforcement-Security","Pisces",0
3479668,"female",37,"indUnk","Aquarius",1
3238069,"male",35,"Communications-Media","Gemini",0
3779603,"female",13,"indUnk","Libra",1
3431736,"female",27,"indUnk","Capricorn",1
3564541,"male",16,"Student","Gemini",0
4218773,"female",23,"Student","Taurus",1
3402720,"male",40,"indUnk","Leo",0
3717827,"male",27,"Education","Cancer",0
3086535,"male",16,"Student","Capricorn",0
3655275,"female",33,"Science","Sagittarius",1
3603350,"male",13,"indUnk","Capricorn",0
2929309,"male",23,"Student","Pisces",0
1119280,"female",27,"indUnk","Gemini",1
3795215,"female",17,"Student","Gemini",1
853190,"female",35,"Law","Pisces",1
3895491,"female",40,"Banking","Libra",1
4071691,"male",27,"Communications-Media","Capricorn",0
3436752,"male",15,"indUnk","Aries",0
4284985,"female",45,"indUnk","Virgo",1
4120668,"female",16,"Student","Scorpio",1
705868,"male",25,"Internet","Aquarius",0
3460493,"male",23,"Technology","Scorpio",0
3337772,"male",23,"Student","Gemini",0
3188427,"male",25,"indUnk","Aries",0
4207288,"male",15,"Student","Scorpio",0
3624245,"male",24,"Accounting","Leo",0
3792732,"female",26,"indUnk","Leo",1
3474680,"male",36,"Architecture","Aquarius",0
1225020,"female",16,"HumanResources","Scorpio",1
3746637,"female",23,"indUnk","Cancer",1
3766675,"male",16,"Student","Cancer",0
3289375,"female",17,"Student","Virgo",1
4198959,"female",17,"Student","Gemini",1
155710,"male",23,"indUnk","Cancer",0
1428697,"male",33,"indUnk","Virgo",0
813360,"female",23,"BusinessServices","Capricorn",1
4213470,"male",13,"Student","Libra",0
3919212,"male",27,"Non-Profit","Taurus",0
3944784,"male",23,"indUnk","Virgo",0
1795821,"female",23,"RealEstate","Cancer",1
3689499,"male",16,"Student","Sagittarius",0
2972931,"male",15,"indUnk","Leo",0
3969318,"female",13,"Student","Capricorn",1
4323910,"female",23,"Education","Libra",1
3312827,"female",25,"Education","Cancer",1
3898660,"female",17,"Student","Gemini",1
511641,"male",39,"Telecommunications","Aries",0
3909472,"male",23,"indUnk","Pisces",0
3602089,"male",15,"Student","Libra",0
3894623,"male",34,"Education","Libra",0
3938293,"female",24,"Marketing","Capricorn",1
3130725,"male",16,"Religion","Cancer",0
4174400,"female",26,"indUnk","Capricorn",1
3590217,"male",35,"Technology","Scorpio",0
3588411,"female",16,"Student","Scorpio",1
3473302,"female",26,"indUnk","Gemini",1
2705472,"male",17,"Student","Scorpio",0
317450,"female",25,"indUnk","Taurus",1
3377385,"female",23,"indUnk","Scorpio",1
3377986,"female",14,"indUnk","Libra",1
4238019,"male",15,"Student","Aries",0
1131517,"female",17,"indUnk","Gemini",1
3573350,"female",25,"Communications-Media","Libra",1
3355465,"female",16,"indUnk","Leo",1
4121917,"female",15,"Student","Aries",1
3931972,"male",42,"Construction","Libra",0
3834464,"female",16,"indUnk","Taurus",1
3344835,"male",15,"indUnk","Virgo",0
3920387,"male",25,"Architecture","Aquarius",0
1921703,"male",15,"indUnk","Virgo",0
4051505,"female",14,"Education","Gemini",1
508128,"male",27,"Consulting","Pisces",0
3185684,"female",17,"Arts","Leo",1
3801738,"male",37,"Military","Gemini",0
3418497,"male",27,"Communications-Media","Sagittarius",0
4156073,"male",23,"InvestmentBanking","Cancer",0
3895368,"male",23,"Law","Capricorn",0
1697732,"male",36,"Advertising","Aries",0
2621121,"female",26,"Publishing","Aries",1
2191528,"female",14,"Arts","Cancer",1
3900140,"female",23,"indUnk","Sagittarius",1
3597680,"female",25,"indUnk","Leo",1
3690864,"male",14,"indUnk","Aquarius",0
3083685,"male",24,"indUnk","Taurus",0
3331848,"male",25,"Science","Leo",0
4141585,"female",23,"indUnk","Gemini",1
490262,"female",34,"Education","Pisces",1
4315679,"female",26,"indUnk","Cancer",1
2972846,"female",17,"Student","Sagittarius",1
3791124,"male",17,"Student","Taurus",0
3492238,"female",17,"Student","Aries",1
4152028,"female",16,"indUnk","Pisces",1
3661878,"female",25,"Education","Taurus",1
3374463,"male",34,"Technology","Aquarius",0
4083066,"male",17,"Student","Taurus",0
3551239,"male",41,"Technology","Taurus",0
3466316,"female",16,"Student","Sagittarius",1
3488128,"male",15,"Technology","Aries",0
3775921,"male",40,"Telecommunications","Aries",0
3957299,"male",15,"Student","Aquarius",0
3329979,"male",26,"Technology","Leo",0
4292451,"female",13,"indUnk","Virgo",1
3782939,"female",13,"Student","Capricorn",1
3698036,"female",15,"Education","Libra",1
3934378,"male",25,"Law","Capricorn",0
3432220,"male",25,"indUnk","Leo",0
3641696,"female",27,"indUnk","Sagittarius",1
3353850,"female",16,"indUnk","Cancer",1
1112526,"female",24,"indUnk","Sagittarius",1
3700914,"male",24,"indUnk","Cancer",0
3328962,"female",25,"indUnk","Taurus",1
1171545,"female",17,"Non-Profit","Cancer",1
3630901,"male",34,"Technology","Leo",0
1845692,"male",14,"indUnk","Leo",0
3408140,"male",23,"Arts","Gemini",0
4109418,"male",17,"Student","Virgo",0
3559752,"male",27,"BusinessServices","Gemini",0
3931735,"female",23,"Accounting","Scorpio",1
3810138,"male",15,"indUnk","Aries",0
3771036,"male",14,"Education","Aquarius",0
1386800,"female",45,"Non-Profit","Pisces",1
3808556,"male",39,"indUnk","Virgo",0
3344629,"female",34,"Non-Profit","Pisces",1
3900217,"female",24,"indUnk","Pisces",1
4120591,"male",25,"indUnk","Cancer",0
1568659,"male",33,"Internet","Scorpio",0
3627490,"female",16,"indUnk","Gemini",1
4329950,"female",33,"indUnk","Taurus",1
750267,"male",35,"Technology","Cancer",0
3889319,"male",25,"Technology","Sagittarius",0
1149009,"male",25,"Technology","Gemini",0
4244108,"male",23,"Fashion","Leo",0
554936,"male",34,"indUnk","Aries",0
4225093,"female",35,"Arts","Pisces",1
3671946,"female",24,"Non-Profit","Aries",1
824204,"female",23,"Student","Taurus",1
3805867,"male",35,"indUnk","Pisces",0
3474486,"female",16,"indUnk","Sagittarius",1
4000590,"female",17,"BusinessServices","Gemini",1
3520924,"male",37,"HumanResources","Sagittarius",0
4285535,"male",16,"Arts","Sagittarius",0
4193797,"male",44,"Engineering","Cancer",0
1748260,"female",16,"Student","Libra",1
3581900,"female",17,"Student","Aries",1
3515616,"male",16,"Sports-Recreation","Sagittarius",0
3752768,"female",16,"Student","Pisces",1
3076775,"female",16,"Student","Scorpio",1
3552185,"male",36,"Arts","Leo",0
3987409,"female",24,"indUnk","Taurus",1
4056015,"female",41,"indUnk","Pisces",1
2397622,"male",26,"Tourism","Aquarius",0
3563820,"female",27,"Student","Aquarius",1
2713323,"male",16,"Student","Cancer",0
207307,"male",36,"indUnk","Cancer",0
3081699,"male",25,"Communications-Media","Sagittarius",0
3372051,"female",13,"Student","Virgo",1
3758757,"male",14,"Student","Scorpio",0
4045474,"male",16,"Education","Leo",0
3701439,"female",13,"indUnk","Libra",1
3973720,"male",15,"Student","Aquarius",0
3322647,"female",24,"Architecture","Sagittarius",1
3526084,"male",13,"indUnk","Capricorn",0
3738280,"female",27,"indUnk","Libra",1
4196018,"female",27,"Arts","Sagittarius",1
3892230,"male",27,"Religion","Aquarius",0
3672765,"male",13,"indUnk","Capricorn",0
3577526,"male",24,"Engineering","Leo",0
2301338,"male",27,"Engineering","Virgo",0
4019474,"female",24,"Non-Profit","Libra",1
3603674,"male",17,"Arts","Gemini",0
3393842,"male",25,"Technology","Virgo",0
1950549,"male",35,"Consulting","Leo",0
3743920,"male",26,"indUnk","Capricorn",0
3914548,"male",23,"Arts","Taurus",0
799760,"male",26,"indUnk","Cancer",0
1155573,"male",23,"indUnk","Leo",0
3769046,"female",15,"Student","Aries",1
4060712,"male",26,"Internet","Capricorn",0
3992797,"male",13,"Student","Scorpio",0
4259704,"female",26,"indUnk","Cancer",1
4218903,"female",17,"indUnk","Scorpio",1
2021701,"male",17,"Engineering","Libra",0
3803995,"female",13,"indUnk","Scorpio",1
1695144,"male",24,"Non-Profit","Sagittarius",0
3428998,"female",17,"indUnk","Gemini",1
1084944,"female",26,"Arts","Leo",1
3446654,"male",25,"Telecommunications","Cancer",0
3313462,"female",24,"Law","Libra",1
3355030,"female",26,"Sports-Recreation","Taurus",1
3931664,"female",16,"indUnk","Aries",1
3554068,"female",26,"Consulting","Scorpio",1
2650099,"female",14,"indUnk","Leo",1
2346844,"male",14,"Arts","Cancer",0
2856529,"male",24,"Student","Gemini",0
3441102,"male",15,"Student","Libra",0
3323895,"male",16,"Sports-Recreation","Aries",0
1266795,"female",16,"Student","Taurus",1
3857049,"female",23,"indUnk","Leo",1
4282758,"male",16,"indUnk","Cancer",0
2637805,"male",42,"indUnk","Virgo",0
3601657,"female",17,"BusinessServices","Capricorn",1
3991091,"female",25,"indUnk","Sagittarius",1
3179807,"male",26,"indUnk","Aries",0
3962853,"male",16,"Student","Aries",0
4152549,"male",17,"indUnk","Gemini",0
3081774,"male",23,"indUnk","Cancer",0
4202469,"female",24,"Engineering","Aries",1
3648527,"female",43,"Chemicals","Sagittarius",1
3579249,"female",24,"indUnk","Virgo",1
4162962,"male",15,"indUnk","Gemini",0
3502149,"male",25,"Arts","Aries",0
3669151,"female",23,"indUnk","Libra",1
3834738,"male",23,"indUnk","Leo",0
4050303,"female",26,"Government","Virgo",1
4278698,"male",15,"Student","Pisces",0
3861827,"male",24,"Consulting","Virgo",0
3395874,"male",17,"Student","Aquarius",0
3426299,"male",45,"Technology","Cancer",0
4164831,"male",15,"indUnk","Aquarius",0
3650031,"female",15,"Arts","Sagittarius",1
3393498,"female",17,"Arts","Libra",1
3466070,"male",16,"Student","Pisces",0
4232672,"female",15,"Student","Gemini",1
4208842,"male",23,"Student","Aries",0
4030073,"male",14,"indUnk","Aquarius",0
3830714,"male",17,"Student","Leo",0
3824064,"female",16,"Student","Aries",1
2128831,"male",17,"Student","Cancer",0
61176,"male",33,"Technology","Capricorn",0
1196970,"male",16,"indUnk","Sagittarius",0
3487247,"male",14,"Student","Leo",0
3338497,"female",15,"Military","Sagittarius",1
3435468,"male",25,"indUnk","Gemini",0
3189650,"female",25,"Technology","Taurus",1
4027894,"male",17,"indUnk","Virgo",0
3364640,"female",26,"InvestmentBanking","Sagittarius",1
3228452,"female",41,"indUnk","Aquarius",1
3791001,"male",24,"Engineering","Capricorn",0
4203162,"female",16,"indUnk","Gemini",1
3358927,"male",24,"HumanResources","Sagittarius",0
3994798,"female",17,"Student","Cancer",1
2699874,"female",27,"Science","Gemini",1
3693380,"female",14,"Fashion","Capricorn",1
1798777,"male",17,"indUnk","Aquarius",0
3536545,"female",27,"Government","Aries",1
4138273,"female",24,"Student","Libra",1
2314011,"female",23,"Student","Capricorn",1
4101824,"female",26,"Marketing","Cancer",1
3326197,"male",15,"Student","Aries",0
3378151,"female",23,"Arts","Taurus",1
3344990,"female",45,"Education","Gemini",1
2835695,"male",17,"Education","Aries",0
2283816,"female",15,"Student","Gemini",1
3836859,"female",48,"indUnk","Cancer",1
3927367,"female",15,"Student","Virgo",1
3813708,"male",17,"indUnk","Gemini",0
4013598,"male",26,"Government","Scorpio",0
3611510,"female",14,"indUnk","Aquarius",1
2621277,"female",17,"Consulting","Aquarius",1
3491958,"female",25,"Student","Leo",1
2606936,"female",17,"Student","Virgo",1
3481855,"male",17,"Student","Gemini",0
3507489,"female",14,"indUnk","Sagittarius",1
4272286,"male",26,"Education","Leo",0
3763574,"male",17,"indUnk","Cancer",0
3948831,"female",26,"indUnk","Cancer",1
3412451,"female",25,"indUnk","Leo",1
3373203,"male",16,"Student","Cancer",0
4278190,"female",17,"Student","Sagittarius",1
4179366,"female",33,"indUnk","Scorpio",1
3998190,"female",13,"indUnk","Libra",1
2759997,"female",33,"Technology","Gemini",1
4255677,"male",35,"Chemicals","Cancer",0
4048119,"female",16,"indUnk","Aquarius",1
4252371,"male",38,"Publishing","Libra",0
4013637,"male",17,"Student","Leo",0
3936825,"female",35,"Education","Virgo",1
3560079,"male",16,"Student","Taurus",0
3840028,"male",23,"indUnk","Sagittarius",0
3987864,"male",25,"Technology","Virgo",0
3555263,"female",13,"Student","Capricorn",1
3920872,"female",26,"Education","Aquarius",1
4125410,"female",34,"indUnk","Aries",1
3949417,"male",23,"Student","Aquarius",0
3980410,"female",26,"Marketing","Libra",1
4276681,"female",17,"indUnk","Leo",1
4037721,"female",16,"Student","Libra",1
3491333,"male",26,"Communications-Media","Gemini",0
3820190,"female",13,"Student","Sagittarius",1
3977244,"female",17,"indUnk","Libra",1
174357,"female",23,"indUnk","Aquarius",1
4307184,"female",17,"Student","Aquarius",1
4089300,"female",16,"Education","Pisces",1
3553245,"female",15,"indUnk","Libra",1
3733980,"female",16,"Student","Taurus",1
4043185,"male",17,"Student","Gemini",0
555604,"male",23,"Internet","Leo",0
4317829,"male",17,"Student","Capricorn",0
4261957,"male",17,"indUnk","Aries",0
3750394,"male",17,"Technology","Pisces",0
3418455,"male",26,"Student","Gemini",0
3552902,"male",15,"Student","Libra",0
3354644,"male",16,"indUnk","Scorpio",0
3331655,"male",13,"indUnk","Pisces",0
3473174,"female",26,"BusinessServices","Capricorn",1
3340219,"male",45,"Technology","Virgo",0
2931757,"female",13,"Arts","Sagittarius",1
2990910,"male",23,"Military","Gemini",0
3576265,"male",26,"Technology","Aquarius",0
4194024,"female",24,"Law","Gemini",1
3467678,"male",13,"Student","Aquarius",0
2058500,"female",23,"indUnk","Capricorn",1
4175778,"female",24,"indUnk","Aries",1
3997225,"female",24,"Accounting","Aries",1
2702548,"female",15,"indUnk","Scorpio",1
3750875,"female",16,"indUnk","Leo",1
3703020,"female",24,"indUnk","Aquarius",1
3892521,"female",26,"indUnk","Cancer",1
4201650,"male",15,"indUnk","Cancer",0
3833953,"female",15,"Student","Scorpio",1
3915413,"female",41,"indUnk","Pisces",1
4000726,"male",25,"Internet","Taurus",0
1067319,"male",26,"Non-Profit","Aries",0
3469195,"female",27,"indUnk","Pisces",1
4334761,"female",13,"Education","Aquarius",1
3327230,"male",17,"indUnk","Pisces",0
3569857,"male",24,"Non-Profit","Libra",0
1307203,"female",23,"Student","Aries",1
4091948,"male",38,"Law","Capricorn",0
3536867,"male",17,"Student","Aquarius",0
3372328,"male",26,"Arts","Cancer",0
3689246,"female",24,"indUnk","Pisces",1
3434914,"female",24,"Biotech","Pisces",1
2945207,"male",24,"Internet","Libra",0
3199957,"male",25,"Internet","Aries",0
4333708,"female",23,"Arts","Taurus",1
3457177,"male",25,"LawEnforcement-Security","Capricorn",0
3377688,"male",25,"Arts","Pisces",0
3785588,"female",33,"indUnk","Libra",1
4216216,"female",39,"indUnk","Leo",1
3539613,"female",26,"indUnk","Aquarius",1
3732523,"male",25,"Student","Libra",0
3861356,"male",27,"Technology","Scorpio",0
3337578,"male",26,"Technology","Sagittarius",0
3600740,"female",14,"indUnk","Capricorn",1
3875379,"male",16,"Religion","Aquarius",0
3536540,"female",26,"indUnk","Virgo",1
3293908,"female",16,"indUnk","Capricorn",1
886442,"female",27,"Student","Cancer",1
3435442,"female",24,"indUnk","Sagittarius",1
4099700,"male",15,"indUnk","Cancer",0
3514082,"male",17,"Student","Gemini",0
3403013,"male",27,"Arts","Aries",0
4022126,"female",48,"indUnk","Leo",1
3370344,"female",15,"indUnk","Pisces",1
3295157,"female",24,"indUnk","Scorpio",1
3479860,"male",41,"Communications-Media","Cancer",0
4126109,"male",27,"indUnk","Virgo",0
3946645,"male",16,"Student","Aquarius",0
3037483,"female",26,"indUnk","Aries",1
3414262,"female",23,"indUnk","Scorpio",1
3372326,"female",33,"indUnk","Virgo",1
4109246,"male",25,"indUnk","Taurus",0
1549616,"male",27,"Technology","Virgo",0
1886224,"male",16,"Student","Virgo",0
4295361,"male",23,"Military","Sagittarius",0
4207043,"female",14,"indUnk","Aquarius",1
3519124,"male",16,"indUnk","Sagittarius",0
4004267,"male",33,"LawEnforcement-Security","Taurus",0
3544697,"female",24,"Student","Cancer",1
4036166,"male",16,"Student","Leo",0
3881077,"male",17,"Education","Aries",0
3413512,"male",16,"Student","Pisces",0
3329942,"male",25,"Technology","Taurus",0
1440291,"female",23,"Accounting","Pisces",1
3613505,"male",17,"Student","Leo",0
3646845,"male",16,"indUnk","Cancer",0
4226080,"female",25,"Advertising","Cancer",1
4215239,"female",41,"Consulting","Gemini",1
4065112,"female",15,"indUnk","Sagittarius",1
3848171,"female",24,"Architecture","Libra",1
4255633,"female",24,"indUnk","Pisces",1
4049195,"male",17,"Student","Scorpio",0
3715883,"male",16,"Student","Aries",0
4274229,"female",14,"Student","Scorpio",1
3568239,"male",15,"Student","Pisces",0
2539406,"male",23,"Government","Cancer",0
1571308,"male",34,"Communications-Media","Leo",0
3612988,"male",17,"Student","Pisces",0
3546022,"female",16,"indUnk","Cancer",1
3524984,"female",16,"Student","Aries",1
2174353,"male",24,"Technology","Taurus",0
3536468,"male",38,"HumanResources","Leo",0
3932373,"female",40,"Engineering","Aquarius",1
3307493,"male",25,"Arts","Aries",0
4073579,"female",17,"indUnk","Pisces",1
3980716,"male",16,"indUnk","Virgo",0
1861417,"male",36,"Internet","Cancer",0
480727,"male",23,"indUnk","Pisces",0
3940168,"male",15,"Publishing","Leo",0
3710866,"male",23,"Technology","Sagittarius",0
2360704,"male",33,"Advertising","Taurus",0
4107436,"male",16,"Student","Cancer",0
1295754,"female",47,"indUnk","Gemini",1
3544723,"female",25,"indUnk","Sagittarius",1
3475493,"male",25,"indUnk","Leo",0
3193122,"female",23,"indUnk","Gemini",1
3568492,"male",40,"indUnk","Capricorn",0
4283040,"male",15,"Student","Taurus",0
3452788,"male",34,"Technology","Capricorn",0
783193,"female",15,"Student","Capricorn",1
4000576,"male",23,"indUnk","Aries",0
3912740,"female",13,"Student","Aquarius",1
4234546,"male",23,"Science","Gemini",0
4009444,"male",23,"Student","Taurus",0
4197354,"male",23,"Publishing","Libra",0
3404093,"female",25,"Arts","Aries",1
3938145,"female",36,"Advertising","Cancer",1
4140230,"male",14,"Student","Libra",0
2804167,"female",17,"Student","Libra",1
3544593,"female",15,"Student","Leo",1
3371593,"female",26,"indUnk","Cancer",1
3496909,"female",16,"Education","Sagittarius",1
4144034,"male",16,"Student","Libra",0
3976002,"male",36,"indUnk","Libra",0
3926231,"female",17,"indUnk","Gemini",1
3746364,"male",23,"Engineering","Scorpio",0
3441406,"male",15,"indUnk","Pisces",0
3733959,"female",15,"Student","Taurus",1
4032401,"male",23,"Arts","Aquarius",0
1013637,"male",17,"RealEstate","Virgo",0
4246625,"male",14,"indUnk","Sagittarius",0
3311908,"female",15,"indUnk","Virgo",1
3408815,"male",42,"Technology","Pisces",0
3682880,"female",13,"Student","Libra",1
3573176,"female",15,"Communications-Media","Scorpio",1
832265,"male",27,"Technology","Libra",0
3452445,"female",15,"Student","Scorpio",1
3957657,"male",16,"Student","Virgo",0
3885777,"male",26,"indUnk","Aries",0
3755025,"female",15,"Student","Libra",1
3301898,"male",24,"Advertising","Leo",0
3762634,"male",13,"indUnk","Capricorn",0
3583230,"female",14,"Student","Leo",1
4191138,"male",14,"indUnk","Taurus",0
4035274,"female",17,"Student","Gemini",1
1435222,"female",27,"indUnk","Cancer",1
3076278,"female",24,"Student","Scorpio",1
4129667,"female",17,"Student","Taurus",1
3177451,"male",17,"Student","Virgo",0
4141327,"female",15,"Student","Capricorn",1
3343564,"female",26,"Education","Virgo",1
4114282,"female",24,"Internet","Aries",1
3041438,"female",23,"indUnk","Pisces",1
4127214,"female",33,"indUnk","Capricorn",1
2698719,"male",27,"Science","Sagittarius",0
4130149,"female",17,"Student","Leo",1
4161090,"male",17,"Student","Aries",0
3540536,"female",14,"indUnk","Aries",1
3454837,"female",27,"indUnk","Aries",1
1409523,"male",17,"Student","Scorpio",0
3659698,"female",26,"Education","Gemini",1
3695852,"female",16,"Student","Scorpio",1
3596057,"male",15,"Fashion","Aquarius",0
2982729,"female",23,"Accounting","Taurus",1
4296269,"female",27,"Publishing","Capricorn",1
4204029,"female",14,"Fashion","Gemini",1
3818794,"male",27,"Student","Pisces",0
3294669,"male",14,"Student","Leo",0
3900728,"female",15,"indUnk","Virgo",1
3413322,"male",25,"Government","Capricorn",0
3914589,"female",14,"Student","Capricorn",1
2698757,"male",41,"indUnk","Cancer",0
3706874,"female",17,"indUnk","Gemini",1
3625153,"female",14,"Student","Virgo",1
3753047,"female",25,"Education","Libra",1
3324876,"male",43,"Technology","Capricorn",0
1702412,"male",27,"indUnk","Leo",0
4296010,"male",15,"Student","Scorpio",0
968707,"female",27,"Banking","Sagittarius",1
3867461,"female",23,"Technology","Capricorn",1
3902678,"female",23,"Technology","Leo",1
3740081,"female",15,"Technology","Virgo",1
3720867,"male",37,"Arts","Gemini",0
4303899,"female",16,"Student","Aries",1
3044949,"male",26,"indUnk","Leo",0
3555496,"male",16,"Student","Capricorn",0
3598169,"male",26,"Fashion","Aquarius",0
3916498,"female",23,"Arts","Sagittarius",1
3746444,"male",17,"Student","Leo",0
4198397,"male",37,"Communications-Media","Cancer",0
3146314,"female",25,"indUnk","Leo",1
3591734,"male",24,"Student","Cancer",0
3789769,"male",17,"Student","Aries",0
3290364,"male",17,"indUnk","Virgo",0
3941752,"male",17,"Chemicals","Scorpio",0
2543418,"female",16,"Student","Aquarius",1
1934430,"male",25,"Engineering","Capricorn",0
3579647,"female",24,"indUnk","Aries",1
4049799,"male",26,"Military","Cancer",0
3979562,"male",25,"Communications-Media","Libra",0
2873403,"female",17,"Student","Cancer",1
3438353,"female",14,"Student","Gemini",1
3785255,"male",27,"Advertising","Sagittarius",0
3932756,"female",25,"Marketing","Scorpio",1
3443753,"male",35,"Communications-Media","Leo",0
877201,"female",23,"indUnk","Leo",1
4190005,"female",14,"indUnk","Cancer",1
3531156,"female",17,"Student","Gemini",1
3603449,"female",26,"Arts","Virgo",1
3699630,"male",16,"Student","Aries",0
3729466,"female",27,"Technology","Scorpio",1
3342827,"male",34,"Technology","Aquarius",0
3893956,"female",14,"indUnk","Sagittarius",1
3675479,"female",45,"indUnk","Taurus",1
4035992,"female",13,"Arts","Sagittarius",1
3525620,"male",33,"Non-Profit","Gemini",0
3755327,"male",40,"indUnk","Pisces",0
1810524,"female",17,"Student","Aquarius",1
3530799,"female",24,"Internet","Pisces",1
4066131,"female",23,"indUnk","Gemini",1
4159899,"female",34,"Internet","Pisces",1
4028522,"male",17,"Internet","Scorpio",0
1882335,"female",14,"Student","Taurus",1
462378,"female",47,"Internet","Aquarius",1
3614885,"female",15,"indUnk","Aries",1
3935450,"female",25,"Arts","Aries",1
1915675,"male",24,"indUnk","Aquarius",0
3850198,"male",25,"HumanResources","Pisces",0
4053096,"male",17,"Student","Libra",0
4063480,"male",26,"indUnk","Cancer",0
4182261,"female",15,"Arts","Gemini",1
3377567,"female",23,"RealEstate","Taurus",1
3931321,"female",16,"Student","Leo",1
3471123,"male",23,"indUnk","Leo",0
3765420,"female",16,"Education","Cancer",1
3760795,"male",14,"indUnk","Scorpio",0
3334775,"female",23,"indUnk","Taurus",1
2100202,"male",25,"Communications-Media","Aquarius",0
2049615,"male",26,"Student","Virgo",0
4016152,"female",23,"Education","Pisces",1
4034218,"female",16,"indUnk","Taurus",1
3904129,"male",26,"indUnk","Capricorn",0
2400509,"male",16,"indUnk","Aquarius",0
4208386,"male",24,"indUnk","Virgo",0
3516981,"male",25,"Environment","Taurus",0
3709486,"male",27,"indUnk","Cancer",0
3977031,"male",16,"Student","Gemini",0
3798564,"female",13,"indUnk","Sagittarius",1
4126510,"male",26,"indUnk","Taurus",0
1683973,"female",27,"indUnk","Cancer",1
4244634,"female",15,"indUnk","Cancer",1
4154409,"male",24,"Technology","Sagittarius",0
3707001,"male",17,"Student","Sagittarius",0
4181150,"male",26,"Banking","Virgo",0
4268209,"female",26,"indUnk","Leo",1
3821977,"male",24,"Technology","Cancer",0
3743818,"female",16,"Student","Cancer",1
3823807,"female",14,"indUnk","Virgo",1
3517046,"female",25,"indUnk","Aries",1
3785096,"female",37,"LawEnforcement-Security","Capricorn",1
3700290,"female",23,"Technology","Scorpio",1
2882473,"male",16,"Student","Gemini",0
3930829,"female",23,"Non-Profit","Aquarius",1
3723114,"female",16,"indUnk","Leo",1
4030474,"female",14,"indUnk","Leo",1
3954072,"male",26,"Internet","Taurus",0
3954410,"female",14,"Student","Capricorn",1
3531287,"female",13,"Student","Aquarius",1
4145121,"male",16,"Student","Cancer",0
3596192,"male",40,"Technology","Scorpio",0
4165168,"male",17,"Student","Libra",0
3800694,"female",25,"indUnk","Sagittarius",1
3644349,"male",24,"Engineering","Pisces",0
4027556,"female",15,"Student","Libra",1
4239549,"female",36,"Government","Cancer",1
4076686,"female",16,"Chemicals","Aries",1
3540854,"male",27,"BusinessServices","Virgo",0
4311398,"female",16,"Student","Virgo",1
4234090,"male",34,"Arts","Gemini",0
3715520,"female",14,"indUnk","Libra",1
4127092,"female",24,"indUnk","Pisces",1
4112771,"male",24,"Arts","Capricorn",0
3987390,"female",13,"indUnk","Pisces",1
4046039,"male",26,"Student","Aries",0
3561320,"female",26,"Education","Taurus",1
3378664,"male",25,"Internet","Gemini",0
3931951,"female",16,"Student","Virgo",1
2442483,"female",17,"Student","Virgo",1
841857,"female",17,"indUnk","Virgo",1
3633722,"female",27,"Arts","Pisces",1
3878828,"female",23,"Education","Virgo",1
3572747,"female",35,"Education","Cancer",1
4213941,"male",27,"indUnk","Libra",0
1498597,"male",17,"Student","Pisces",0
4047082,"female",23,"Telecommunications","Sagittarius",1
3783466,"female",37,"indUnk","Taurus",1
996147,"female",36,"Telecommunications","Leo",1
3315521,"female",25,"RealEstate","Capricorn",1
2899531,"male",27,"indUnk","Capricorn",0
3735353,"female",17,"Student","Virgo",1
3543749,"female",37,"Biotech","Capricorn",1
4005863,"male",17,"Student","Virgo",0
4293279,"male",24,"indUnk","Leo",0
3441713,"female",17,"indUnk","Leo",1
4074541,"female",23,"indUnk","Libra",1
3671984,"male",16,"Arts","Aquarius",0
3391979,"male",26,"Chemicals","Gemini",0
3647746,"male",39,"Education","Virgo",0
4176448,"male",39,"Engineering","Virgo",0
3984458,"male",17,"Science","Sagittarius",0
3938722,"male",14,"Student","Taurus",0
3888357,"male",24,"Technology","Cancer",0
3854680,"female",14,"Student","Aquarius",1
4079443,"female",16,"Student","Pisces",1
3758260,"male",16,"Student","Aquarius",0
3642944,"male",15,"Student","Capricorn",0
3723519,"male",14,"indUnk","Pisces",0
1811727,"female",23,"indUnk","Leo",1
4026864,"male",27,"Technology","Taurus",0
477665,"female",25,"indUnk","Leo",1
3401032,"male",16,"Student","Aries",0
3641942,"female",26,"indUnk","Sagittarius",1
4106509,"male",43,"Communications-Media","Scorpio",0
3608093,"male",25,"indUnk","Libra",0
3306927,"male",45,"Technology","Leo",0
3681319,"female",27,"Government","Virgo",1
2259900,"male",26,"Marketing","Taurus",0
3547104,"male",17,"Student","Pisces",0
1827797,"male",23,"Communications-Media","Leo",0
732730,"male",15,"Student","Sagittarius",0
3761125,"female",17,"Student","Pisces",1
3895208,"female",16,"Student","Leo",1
2940403,"female",16,"Student","Taurus",1
4089834,"female",13,"indUnk","Pisces",1
3445814,"female",16,"indUnk","Aquarius",1
3720376,"female",23,"Arts","Pisces",1
3802862,"female",14,"Student","Virgo",1
3506544,"female",17,"Student","Libra",1
4276295,"male",25,"Engineering","Capricorn",0
3214726,"male",26,"indUnk","Sagittarius",0
3492272,"female",13,"Student","Scorpio",1
4210839,"female",16,"Student","Libra",1
3591959,"female",17,"indUnk","Gemini",1
4286351,"male",16,"indUnk","Gemini",0
3313685,"male",40,"indUnk","Sagittarius",0
3703686,"male",16,"indUnk","Libra",0
4253315,"female",27,"Law","Gemini",1
4298226,"female",25,"Education","Aquarius",1
4296089,"female",16,"indUnk","Sagittarius",1
3602510,"female",14,"Student","Libra",1
3908230,"female",14,"Arts","Gemini",1
3931639,"female",33,"indUnk","Aries",1
2804775,"male",34,"indUnk","Taurus",0
4100836,"male",26,"indUnk","Leo",0
3571306,"female",15,"Student","Aquarius",1
2872814,"female",17,"indUnk","Aries",1
3387360,"female",37,"Education","Libra",1
3130162,"male",26,"Banking","Virgo",0
3025353,"male",35,"Religion","Aquarius",0
3488328,"male",34,"Technology","Leo",0
3293930,"male",16,"Student","Sagittarius",0
3675735,"male",15,"Student","Capricorn",0
3529918,"male",14,"Student","Pisces",0
3400455,"female",17,"indUnk","Gemini",1
3361839,"male",16,"Student","Capricorn",0
3905701,"male",14,"Education","Pisces",0
3748540,"female",13,"indUnk","Aries",1
3510068,"female",25,"indUnk","Scorpio",1
2993066,"female",15,"indUnk","Gemini",1
3901147,"male",27,"Student","Pisces",0
4153678,"female",16,"indUnk","Sagittarius",1
3152866,"male",24,"Chemicals","Libra",0
3938699,"male",17,"Student","Taurus",0
3366576,"male",35,"Fashion","Cancer",0
3147759,"female",17,"indUnk","Aquarius",1
3335758,"male",14,"Student","Taurus",0
3049758,"male",17,"Student","Aries",0
4069940,"female",16,"Student","Capricorn",1
4126747,"male",23,"Arts","Virgo",0
4005927,"female",40,"Architecture","Aquarius",1
3316539,"male",23,"indUnk","Aquarius",0
3759312,"male",24,"Arts","Cancer",0
3384162,"male",27,"Non-Profit","Pisces",0
4257462,"female",17,"indUnk","Sagittarius",1
4115407,"female",14,"Student","Capricorn",1
3786992,"male",24,"Non-Profit","Libra",0
1835380,"female",16,"Chemicals","Taurus",1
3961898,"male",23,"Technology","Capricorn",0
192879,"female",26,"Arts","Scorpio",1
3371035,"male",14,"indUnk","Sagittarius",0
3527973,"female",24,"Banking","Cancer",1
3422592,"female",14,"indUnk","Capricorn",1
1976124,"male",25,"indUnk","Libra",0
2560767,"male",17,"indUnk","Virgo",0
3375100,"female",24,"BusinessServices","Leo",1
4055590,"female",25,"Technology","Taurus",1
4296632,"female",15,"indUnk","Aquarius",1
3423784,"male",16,"Student","Pisces",0
3768730,"male",33,"Internet","Aquarius",0
3525160,"male",33,"indUnk","Aries",0
3412715,"female",16,"indUnk","Virgo",1
3623704,"female",16,"indUnk","Virgo",1
3712430,"male",37,"Education","Leo",0
4161980,"male",17,"indUnk","Aquarius",0
4164300,"male",34,"indUnk","Sagittarius",0
4054493,"female",39,"indUnk","Sagittarius",1
3894428,"female",17,"indUnk","Cancer",1
3394738,"female",15,"Student","Capricorn",1
2998091,"female",48,"indUnk","Virgo",1
3136038,"female",24,"indUnk","Virgo",1
4325188,"male",15,"indUnk","Cancer",0
3933041,"male",27,"indUnk","Cancer",0
3912526,"female",26,"indUnk","Pisces",1
4136438,"male",34,"indUnk","Scorpio",0
3438528,"male",15,"indUnk","Virgo",0
3987485,"female",14,"indUnk","Pisces",1
3906646,"female",24,"RealEstate","Pisces",1
4098767,"male",16,"indUnk","Sagittarius",0
3532456,"female",14,"indUnk","Scorpio",1
597870,"female",33,"Internet","Taurus",1
3864588,"male",27,"Arts","Sagittarius",0
3495165,"female",25,"indUnk","Cancer",1
4313295,"female",26,"Student","Gemini",1
3350097,"female",37,"BusinessServices","Taurus",1
3460671,"male",27,"Banking","Sagittarius",0
3625403,"male",16,"indUnk","Libra",0
3827498,"male",39,"Education","Cancer",0
4087530,"female",16,"Student","Taurus",1
3355807,"male",14,"Student","Sagittarius",0
3985159,"female",35,"indUnk","Gemini",1
3337691,"female",13,"indUnk","Sagittarius",1
3597726,"male",15,"Student","Gemini",0
2468953,"male",17,"Student","Aries",0
3309251,"male",47,"Technology","Aries",0
3391030,"female",16,"Education","Gemini",1
3336933,"male",48,"indUnk","Scorpio",0
3998000,"female",17,"Student","Leo",1
3339284,"female",17,"Student","Gemini",1
3818781,"female",16,"indUnk","Cancer",1
4161264,"male",14,"BusinessServices","Aries",0
3070838,"female",15,"Student","Libra",1
4119314,"female",14,"indUnk","Capricorn",1
3432763,"female",26,"Accounting","Leo",1
3480731,"male",26,"Technology","Aquarius",0
3492430,"female",23,"indUnk","Aries",1
3615550,"male",15,"Student","Pisces",0
4148666,"female",25,"Education","Gemini",1
2759824,"male",33,"indUnk","Gemini",0
3561869,"female",17,"indUnk","Sagittarius",1
3393874,"female",24,"Communications-Media","Libra",1
3531623,"female",24,"indUnk","Capricorn",1
225398,"female",16,"indUnk","Pisces",1
3603441,"female",14,"Education","Capricorn",1
4142029,"female",17,"Student","Aries",1
3442273,"female",16,"indUnk","Scorpio",1
4246863,"male",27,"Non-Profit","Virgo",0
3893150,"male",16,"Student","Virgo",0
3518013,"female",26,"Technology","Pisces",1
1673216,"male",17,"Student","Taurus",0
4125306,"male",16,"indUnk","Cancer",0
3365681,"male",15,"Sports-Recreation","Aquarius",0
3763467,"female",27,"indUnk","Libra",1
3722850,"female",16,"Student","Scorpio",1
3771600,"female",14,"Student","Virgo",1
3401536,"male",23,"Technology","Scorpio",0
3658401,"female",27,"indUnk","Libra",1
3766623,"male",25,"indUnk","Libra",0
3862449,"female",17,"Student","Capricorn",1
3716286,"male",27,"indUnk","Sagittarius",0
3454412,"male",15,"Student","Scorpio",0
3186601,"male",17,"indUnk","Taurus",0
4073657,"female",24,"Accounting","Taurus",1
2182344,"female",24,"Student","Virgo",1
1102011,"male",15,"Student","Sagittarius",0
3617048,"female",15,"Education","Cancer",1
3304937,"male",34,"Arts","Pisces",0
3453903,"female",16,"Student","Aries",1
3518225,"female",24,"indUnk","Aries",1
3888314,"female",16,"Student","Scorpio",1
3571382,"male",16,"Student","Sagittarius",0
3659114,"male",24,"Communications-Media","Taurus",0
3443144,"male",13,"Education","Scorpio",0
3518934,"male",14,"Religion","Leo",0
3745012,"male",26,"Advertising","Sagittarius",0
669116,"female",26,"indUnk","Gemini",1
3405896,"male",24,"indUnk","Leo",0
3660226,"male",26,"Technology","Aquarius",0
3992378,"female",14,"indUnk","Pisces",1
3729884,"male",15,"Student","Pisces",0
3873316,"female",14,"Education","Scorpio",1
3792500,"male",24,"Education","Aquarius",0
4114844,"male",23,"indUnk","Cancer",0
3903897,"male",27,"Technology","Sagittarius",0
3438901,"female",39,"indUnk","Sagittarius",1
3571034,"male",27,"Engineering","Cancer",0
2084105,"male",27,"Technology","Aquarius",0
3363713,"female",27,"indUnk","Gemini",1
4269539,"female",16,"indUnk","Taurus",1
4151550,"female",23,"indUnk","Aries",1
3287752,"male",39,"indUnk","Aries",0
3442234,"female",23,"indUnk","Cancer",1
3801191,"male",14,"Student","Pisces",0
3494693,"female",23,"Student","Gemini",1
3889243,"male",17,"indUnk","Gemini",0
1957684,"male",23,"Military","Capricorn",0
3338197,"female",24,"indUnk","Virgo",1
3830349,"female",24,"Communications-Media","Gemini",1
3691393,"female",17,"Transportation","Taurus",1
3839543,"female",15,"Non-Profit","Aquarius",1
2690732,"female",24,"indUnk","Libra",1
3753043,"female",16,"Student","Libra",1
3433207,"female",23,"indUnk","Aries",1
3386324,"female",35,"indUnk","Taurus",1
4143673,"male",27,"indUnk","Capricorn",0
3558937,"female",23,"Advertising","Cancer",1
3750192,"female",16,"Student","Pisces",1
3904808,"female",17,"Student","Taurus",1
4041307,"female",15,"indUnk","Taurus",1
3907320,"male",23,"indUnk","Sagittarius",0
1267773,"male",24,"Student","Pisces",0
3399237,"female",17,"Student","Virgo",1
3993062,"male",27,"Telecommunications","Aquarius",0
239703,"male",47,"Internet","Leo",0
4184053,"female",15,"Student","Sagittarius",1
2310335,"male",15,"Student","Aries",0
4246891,"male",16,"Student","Sagittarius",0
2866449,"male",15,"indUnk","Pisces",0
3391648,"male",17,"Student","Scorpio",0
4200260,"male",39,"Consulting","Pisces",0
3835358,"female",13,"Student","Aquarius",1
4253762,"female",13,"Student","Capricorn",1
3663701,"female",27,"Communications-Media","Cancer",1
3446170,"male",27,"Law","Cancer",0
1746368,"male",17,"Student","Aquarius",0
3520883,"male",16,"Non-Profit","Leo",0
3493735,"female",15,"Student","Libra",1
4001124,"male",17,"Student","Taurus",0
3869393,"female",25,"Technology","Sagittarius",1
1888162,"male",14,"Student","Virgo",0
1675646,"male",25,"indUnk","Leo",0
3800939,"male",13,"indUnk","Libra",0
3708891,"female",16,"indUnk","Leo",1
1444263,"female",17,"Arts","Sagittarius",1
3828570,"male",26,"Communications-Media","Virgo",0
3779991,"male",24,"indUnk","Leo",0
1232234,"female",23,"Communications-Media","Taurus",1
3723008,"female",17,"Student","Aries",1
2140894,"female",26,"indUnk","Pisces",1
2955971,"female",43,"indUnk","Gemini",1
4197038,"male",23,"indUnk","Cancer",0
4070526,"female",24,"Telecommunications","Aquarius",1
4090083,"male",23,"Technology","Leo",0
3947785,"female",26,"BusinessServices","Libra",1
1713845,"male",23,"Student","Taurus",0
3355653,"male",17,"indUnk","Gemini",0
3947700,"male",15,"Student","Cancer",0
896120,"female",24,"Education","Capricorn",1
3965841,"male",17,"Chemicals","Cancer",0
3423418,"male",25,"Student","Aries",0
3523095,"female",17,"Student","Libra",1
3949113,"female",14,"indUnk","Libra",1
4255604,"male",14,"Student","Leo",0
3587880,"male",23,"Student","Virgo",0
3570794,"female",34,"indUnk","Leo",1
3703546,"female",14,"Student","Libra",1
3386158,"female",17,"Student","Gemini",1
3518258,"female",16,"Student","Gemini",1
808956,"female",25,"Government","Aries",1
3325862,"female",24,"indUnk","Capricorn",1
3353577,"male",17,"Student","Scorpio",0
3605427,"male",25,"indUnk","Capricorn",0
3726884,"female",17,"indUnk","Gemini",1
3156201,"female",38,"Consulting","Pisces",1
3960243,"female",15,"Education","Virgo",1
4184111,"male",35,"indUnk","Taurus",0
3871907,"male",39,"Law","Scorpio",0
4210308,"male",24,"Student","Gemini",0
2597626,"female",26,"indUnk","Aries",1
1502896,"female",25,"Consulting","Pisces",1
3701430,"female",23,"Education","Aries",1
3946404,"female",14,"Student","Virgo",1
4278696,"male",24,"Communications-Media","Aquarius",0
3030672,"male",27,"indUnk","Aries",0
3570047,"male",48,"Military","Leo",0
3136900,"male",27,"Communications-Media","Scorpio",0
3811096,"female",26,"Government","Pisces",1
3952828,"male",24,"Banking","Virgo",0
4229520,"male",16,"indUnk","Scorpio",0
4022569,"male",15,"Student","Virgo",0
867772,"female",16,"Student","Taurus",1
3221085,"male",27,"Education","Taurus",0
3645035,"male",15,"Education","Virgo",0
3388256,"female",25,"indUnk","Pisces",1
4180269,"female",23,"indUnk","Libra",1
3776363,"male",14,"Agriculture","Sagittarius",0
4055477,"male",16,"Student","Taurus",0
3930625,"male",14,"Student","Taurus",0
4278694,"female",24,"Technology","Virgo",1
4075835,"female",27,"Construction","Scorpio",1
3839328,"female",16,"indUnk","Leo",1
3215911,"female",14,"Student","Sagittarius",1
